2026-05-15 18:33:10,263 [Worker-8: Loading available Gradle versions] INFO  o.e.b.c.i.u.g.PublishedGradleVersions - Gradle version information cache is up-to-date. Trying to read.
2026-05-15 18:37:15,391 [Worker-3: Importing Maven projects] INFO  o.e.m.c.i.l.LifecycleMappingFactory - Using org.maven.ide.eclipse.wtp.WarLifecycleMapping lifecycle mapping for MavenProject: in.co.rays:ORSProject-04:0.0.1-SNAPSHOT @ E:\mission-project-04\ORSProject-04\pom.xml.
2026-05-15 18:37:17,721 [Worker-3: Importing Maven projects] INFO  o.e.m.j.i.AbstractJavaProjectConfigurator - Adding source folder /ORSProject-04/src/main/java
2026-05-15 18:37:17,722 [Worker-3: Importing Maven projects] INFO  o.e.m.j.i.AbstractJavaProjectConfigurator - Adding resource folder /ORSProject-04/src/main/resources
2026-05-15 18:37:17,724 [Worker-3: Importing Maven projects] INFO  o.e.m.j.i.AbstractJavaProjectConfigurator - Adding source folder /ORSProject-04/src/test/java
2026-05-15 18:37:19,470 [Worker-3: Importing Maven projects] ERROR o.e.m.w.jsf.internal.utils.JSFUtils - An error occurred trying to find javax.faces.webapp.FacesServlet :
java.net.UnknownHostException: java.sun.com
	at java.base/sun.nio.ch.NioSocketImpl.connect(NioSocketImpl.java:567)
	at java.base/java.net.Socket.connect(Socket.java:633)
	at java.base/java.net.Socket.connect(Socket.java:583)
	at java.base/sun.net.NetworkClient.doConnect(NetworkClient.java:183)
	at java.base/sun.net.www.http.HttpClient.openServer(HttpClient.java:531)
	at java.base/sun.net.www.http.HttpClient.openServer(HttpClient.java:636)
	at java.base/sun.net.www.http.HttpClient.<init>(HttpClient.java:279)
	at java.base/sun.net.www.http.HttpClient.New(HttpClient.java:384)
	at java.base/sun.net.www.http.HttpClient.New(HttpClient.java:406)
	at java.base/sun.net.www.protocol.http.HttpURLConnection.getNewHttpClient(HttpURLConnection.java:1309)
	at java.base/sun.net.www.protocol.http.HttpURLConnection.plainConnect0(HttpURLConnection.java:1242)
	at java.base/sun.net.www.protocol.http.HttpURLConnection.plainConnect(HttpURLConnection.java:1128)
	at java.base/sun.net.www.protocol.http.HttpURLConnection.connect(HttpURLConnection.java:1057)
	at java.base/sun.net.www.protocol.http.HttpURLConnection.getInputStream0(HttpURLConnection.java:1665)
	at java.base/sun.net.www.protocol.http.HttpURLConnection.getInputStream(HttpURLConnection.java:1589)
	at java.xml/com.sun.org.apache.xerces.internal.impl.XMLEntityManager.setupCurrentEntity(XMLEntityManager.java:677)
	at java.xml/com.sun.org.apache.xerces.internal.impl.XMLEntityManager.startEntity(XMLEntityManager.java:1397)
	at java.xml/com.sun.org.apache.xerces.internal.impl.XMLEntityManager.startDTDEntity(XMLEntityManager.java:1363)
	at java.xml/com.sun.org.apache.xerces.internal.impl.XMLDTDScannerImpl.setInputSource(XMLDTDScannerImpl.java:257)
	at java.xml/com.sun.org.apache.xerces.internal.impl.XMLDocumentScannerImpl$DTDDriver.dispatch(XMLDocumentScannerImpl.java:1152)
	at java.xml/com.sun.org.apache.xerces.internal.impl.XMLDocumentScannerImpl$DTDDriver.next(XMLDocumentScannerImpl.java:1040)
	at java.xml/com.sun.org.apache.xerces.internal.impl.XMLDocumentScannerImpl$PrologDriver.next(XMLDocumentScannerImpl.java:943)
	at java.xml/com.sun.org.apache.xerces.internal.impl.XMLDocumentScannerImpl.next(XMLDocumentScannerImpl.java:605)
	at java.xml/com.sun.org.apache.xerces.internal.impl.XMLDocumentFragmentScannerImpl.scanDocument(XMLDocumentFragmentScannerImpl.java:542)
	at java.xml/com.sun.org.apache.xerces.internal.parsers.XML11Configuration.parse(XML11Configuration.java:889)
	at java.xml/com.sun.org.apache.xerces.internal.parsers.XML11Configuration.parse(XML11Configuration.java:825)
	at java.xml/com.sun.org.apache.xerces.internal.parsers.XMLParser.parse(XMLParser.java:141)
	at java.xml/com.sun.org.apache.xerces.internal.parsers.DOMParser.parse(DOMParser.java:247)
	at java.xml/com.sun.org.apache.xerces.internal.jaxp.DocumentBuilderImpl.parse(DocumentBuilderImpl.java:342)
	at java.xml/javax.xml.parsers.DocumentBuilder.parse(DocumentBuilder.java:122)
	at org.eclipse.m2e.wtp.jsf.internal.utils.JSFUtils.hasFacesServlet(JSFUtils.java:141)
	at org.eclipse.m2e.wtp.jsf.internal.utils.JSFUtils.hasFacesServlet(JSFUtils.java:117)
	at org.eclipse.m2e.wtp.jsf.internal.configurators.WebXmlJSFFacetDetector.hasFacesServletInWebXml(WebXmlJSFFacetDetector.java:82)
	at org.eclipse.m2e.wtp.jsf.internal.configurators.WebXmlJSFFacetDetector.findFacetVersion(WebXmlJSFFacetDetector.java:57)
	at org.eclipse.m2e.wtp.facets.FacetDetectorManager.findFacetVersion(FacetDetectorManager.java:93)
	at org.eclipse.m2e.wtp.facets.FacetDetectorManager.findFacetVersion(FacetDetectorManager.java:63)
	at org.eclipse.m2e.wtp.jsf.internal.configurators.JSFProjectConfigurator.configureInternal(JSFProjectConfigurator.java:95)
	at org.eclipse.m2e.wtp.jsf.internal.configurators.JSFProjectConfigurator.configure(JSFProjectConfigurator.java:70)
	at org.eclipse.m2e.core.project.configurator.AbstractLifecycleMapping.configure(AbstractLifecycleMapping.java:123)
	at org.eclipse.m2e.core.internal.project.ProjectConfigurationManager.lambda$6(ProjectConfigurationManager.java:504)
	at org.eclipse.m2e.core.internal.embedder.MavenExecutionContext.executeBare(MavenExecutionContext.java:394)
	at org.eclipse.m2e.core.internal.embedder.MavenExecutionContext.execute(MavenExecutionContext.java:275)
	at org.eclipse.m2e.core.internal.project.ProjectConfigurationManager.updateProjectConfiguration(ProjectConfigurationManager.java:498)
	at org.eclipse.m2e.core.internal.project.ProjectConfigurationManager.configureNewMavenProjects(ProjectConfigurationManager.java:279)
	at org.eclipse.m2e.core.internal.project.ProjectConfigurationManager.lambda$1(ProjectConfigurationManager.java:166)
	at org.eclipse.m2e.core.internal.embedder.MavenExecutionContext.executeBare(MavenExecutionContext.java:394)
	at org.eclipse.m2e.core.internal.embedder.MavenExecutionContext.execute(MavenExecutionContext.java:275)
	at org.eclipse.m2e.core.internal.embedder.MavenExecutionContext.execute(MavenExecutionContext.java:214)
	at org.eclipse.m2e.core.internal.project.ProjectConfigurationManager.importProjects(ProjectConfigurationManager.java:139)
	at org.eclipse.m2e.core.ui.internal.wizards.ImportMavenProjectsJob$1.doCreateMavenProjects(ImportMavenProjectsJob.java:71)
	at org.eclipse.m2e.core.ui.internal.wizards.AbstractCreateMavenProjectsOperation.run(AbstractCreateMavenProjectsOperation.java:56)
	at org.eclipse.m2e.core.ui.internal.wizards.ImportMavenProjectsJob.runInWorkspace(ImportMavenProjectsJob.java:80)
	at org.eclipse.core.internal.resources.InternalWorkspaceJob.run(InternalWorkspaceJob.java:43)
	at org.eclipse.core.internal.jobs.Worker.run(Worker.java:63)
2026-05-15 18:37:19,543 [Worker-3: Importing Maven projects] INFO  o.e.m.c.i.p.ProjectConfigurationManager - Imported and configured 1 project(s) in 9 sec
2026-05-15 18:37:23,266 [Worker-39: Building] WARN  o.e.m.c.i.embedder.EclipseLogger - Using platform encoding (Cp1252 actually) to copy filtered resources, i.e. build is platform dependent!
2026-05-15 18:37:23,297 [Worker-39: Building] INFO  o.e.m.c.i.embedder.EclipseLogger - Copying 2 resources
2026-05-15 18:37:23,348 [Worker-39: Building] WARN  o.e.m.c.i.embedder.EclipseLogger - Using platform encoding (Cp1252 actually) to copy filtered resources, i.e. build is platform dependent!
2026-05-15 18:37:23,350 [Worker-39: Building] INFO  o.e.m.c.i.embedder.EclipseLogger - skip non existing resourceDirectory E:\mission-project-04\ORSProject-04\src\test\resources
2026-05-15 18:41:43,854 [Worker-3: Building] WARN  o.e.m.c.i.embedder.EclipseLogger - Using platform encoding (Cp1252 actually) to copy filtered resources, i.e. build is platform dependent!
2026-05-15 18:41:43,896 [Worker-3: Building] INFO  o.e.m.c.i.embedder.EclipseLogger - Copying 2 resources
2026-05-15 18:41:43,903 [Worker-3: Building] WARN  o.e.m.c.i.embedder.EclipseLogger - Using platform encoding (Cp1252 actually) to copy filtered resources, i.e. build is platform dependent!
2026-05-15 18:41:43,904 [Worker-3: Building] INFO  o.e.m.c.i.embedder.EclipseLogger - skip non existing resourceDirectory E:\mission-project-04\ORSProject-04\src\test\resources
2026-05-15 18:43:33,397 [Worker-3: Building] WARN  o.e.m.c.i.embedder.EclipseLogger - Using platform encoding (Cp1252 actually) to copy filtered resources, i.e. build is platform dependent!
2026-05-15 18:43:33,399 [Worker-3: Building] INFO  o.e.m.c.i.embedder.EclipseLogger - Copying 2 resources
2026-05-15 18:43:33,401 [Worker-3: Building] WARN  o.e.m.c.i.embedder.EclipseLogger - Using platform encoding (Cp1252 actually) to copy filtered resources, i.e. build is platform dependent!
2026-05-15 18:43:33,402 [Worker-3: Building] INFO  o.e.m.c.i.embedder.EclipseLogger - skip non existing resourceDirectory E:\mission-project-04\ORSProject-04\src\test\resources
2026-05-15 18:44:30,274 [Worker-47: Building] WARN  o.e.m.c.i.embedder.EclipseLogger - Using platform encoding (Cp1252 actually) to copy filtered resources, i.e. build is platform dependent!
2026-05-15 18:44:30,276 [Worker-47: Building] INFO  o.e.m.c.i.embedder.EclipseLogger - Copying 0 resource
2026-05-15 18:44:30,282 [Worker-47: Building] WARN  o.e.m.c.i.embedder.EclipseLogger - Using platform encoding (Cp1252 actually) to copy filtered resources, i.e. build is platform dependent!
2026-05-15 18:44:30,285 [Worker-47: Building] INFO  o.e.m.c.i.embedder.EclipseLogger - skip non existing resourceDirectory E:\mission-project-04\ORSProject-04\src\test\resources
2026-05-15 18:45:42,075 [Worker-41: Building] WARN  o.e.m.c.i.embedder.EclipseLogger - Using platform encoding (Cp1252 actually) to copy filtered resources, i.e. build is platform dependent!
2026-05-15 18:45:42,077 [Worker-41: Building] INFO  o.e.m.c.i.embedder.EclipseLogger - Copying 2 resources
2026-05-15 18:45:42,080 [Worker-41: Building] WARN  o.e.m.c.i.embedder.EclipseLogger - Using platform encoding (Cp1252 actually) to copy filtered resources, i.e. build is platform dependent!
2026-05-15 18:45:42,081 [Worker-41: Building] INFO  o.e.m.c.i.embedder.EclipseLogger - skip non existing resourceDirectory E:\mission-project-04\ORSProject-04\src\test\resources
2026-05-15 18:46:33,431 [Worker-45: Building] WARN  o.e.m.c.i.embedder.EclipseLogger - Using platform encoding (Cp1252 actually) to copy filtered resources, i.e. build is platform dependent!
2026-05-15 18:46:33,433 [Worker-45: Building] INFO  o.e.m.c.i.embedder.EclipseLogger - Copying 2 resources
2026-05-15 18:46:33,435 [Worker-45: Building] WARN  o.e.m.c.i.embedder.EclipseLogger - Using platform encoding (Cp1252 actually) to copy filtered resources, i.e. build is platform dependent!
2026-05-15 18:46:33,436 [Worker-45: Building] INFO  o.e.m.c.i.embedder.EclipseLogger - skip non existing resourceDirectory E:\mission-project-04\ORSProject-04\src\test\resources
2026-05-15 18:47:16,199 [Worker-45: Building] WARN  o.e.m.c.i.embedder.EclipseLogger - Using platform encoding (Cp1252 actually) to copy filtered resources, i.e. build is platform dependent!
2026-05-15 18:47:16,201 [Worker-45: Building] INFO  o.e.m.c.i.embedder.EclipseLogger - Copying 2 resources
2026-05-15 18:47:16,203 [Worker-45: Building] WARN  o.e.m.c.i.embedder.EclipseLogger - Using platform encoding (Cp1252 actually) to copy filtered resources, i.e. build is platform dependent!
2026-05-15 18:47:16,204 [Worker-45: Building] INFO  o.e.m.c.i.embedder.EclipseLogger - skip non existing resourceDirectory E:\mission-project-04\ORSProject-04\src\test\resources
2026-05-15 18:49:29,367 [Worker-46: Building] WARN  o.e.m.c.i.embedder.EclipseLogger - Using platform encoding (Cp1252 actually) to copy filtered resources, i.e. build is platform dependent!
2026-05-15 18:49:29,369 [Worker-46: Building] INFO  o.e.m.c.i.embedder.EclipseLogger - Copying 2 resources
2026-05-15 18:49:29,374 [Worker-46: Building] WARN  o.e.m.c.i.embedder.EclipseLogger - Using platform encoding (Cp1252 actually) to copy filtered resources, i.e. build is platform dependent!
2026-05-15 18:49:29,374 [Worker-46: Building] INFO  o.e.m.c.i.embedder.EclipseLogger - skip non existing resourceDirectory E:\mission-project-04\ORSProject-04\src\test\resources
2026-05-15 18:49:59,853 [Worker-39: Building] WARN  o.e.m.c.i.embedder.EclipseLogger - Using platform encoding (Cp1252 actually) to copy filtered resources, i.e. build is platform dependent!
2026-05-15 18:49:59,855 [Worker-39: Building] INFO  o.e.m.c.i.embedder.EclipseLogger - Copying 2 resources
2026-05-15 18:49:59,858 [Worker-39: Building] WARN  o.e.m.c.i.embedder.EclipseLogger - Using platform encoding (Cp1252 actually) to copy filtered resources, i.e. build is platform dependent!
2026-05-15 18:49:59,858 [Worker-39: Building] INFO  o.e.m.c.i.embedder.EclipseLogger - skip non existing resourceDirectory E:\mission-project-04\ORSProject-04\src\test\resources
2026-05-15 18:50:25,271 [Worker-40: Building] WARN  o.e.m.c.i.embedder.EclipseLogger - Using platform encoding (Cp1252 actually) to copy filtered resources, i.e. build is platform dependent!
2026-05-15 18:50:25,272 [Worker-40: Building] INFO  o.e.m.c.i.embedder.EclipseLogger - Copying 2 resources
2026-05-15 18:50:25,274 [Worker-40: Building] WARN  o.e.m.c.i.embedder.EclipseLogger - Using platform encoding (Cp1252 actually) to copy filtered resources, i.e. build is platform dependent!
2026-05-15 18:50:25,274 [Worker-40: Building] INFO  o.e.m.c.i.embedder.EclipseLogger - skip non existing resourceDirectory E:\mission-project-04\ORSProject-04\src\test\resources
2026-05-15 18:50:35,656 [Worker-46: Building] WARN  o.e.m.c.i.embedder.EclipseLogger - Using platform encoding (Cp1252 actually) to copy filtered resources, i.e. build is platform dependent!
2026-05-15 18:50:35,659 [Worker-46: Building] INFO  o.e.m.c.i.embedder.EclipseLogger - Copying 2 resources
2026-05-15 18:50:35,663 [Worker-46: Building] WARN  o.e.m.c.i.embedder.EclipseLogger - Using platform encoding (Cp1252 actually) to copy filtered resources, i.e. build is platform dependent!
2026-05-15 18:50:35,664 [Worker-46: Building] INFO  o.e.m.c.i.embedder.EclipseLogger - skip non existing resourceDirectory E:\mission-project-04\ORSProject-04\src\test\resources
2026-05-15 18:50:46,050 [Worker-46: Building] WARN  o.e.m.c.i.embedder.EclipseLogger - Using platform encoding (Cp1252 actually) to copy filtered resources, i.e. build is platform dependent!
2026-05-15 18:50:46,051 [Worker-46: Building] INFO  o.e.m.c.i.embedder.EclipseLogger - Copying 2 resources
2026-05-15 18:50:46,053 [Worker-46: Building] WARN  o.e.m.c.i.embedder.EclipseLogger - Using platform encoding (Cp1252 actually) to copy filtered resources, i.e. build is platform dependent!
2026-05-15 18:50:46,054 [Worker-46: Building] INFO  o.e.m.c.i.embedder.EclipseLogger - skip non existing resourceDirectory E:\mission-project-04\ORSProject-04\src\test\resources
2026-05-15 18:50:54,277 [Worker-47: Cleaning all projects] INFO  o.e.m.w.i.f.ResourceFilteringBuildParticipant - Cleaning filtered folder for ORSProject-04
2026-05-15 18:50:55,138 [Worker-46: Building] WARN  o.e.m.c.i.embedder.EclipseLogger - Using platform encoding (Cp1252 actually) to copy filtered resources, i.e. build is platform dependent!
2026-05-15 18:50:55,140 [Worker-46: Building] INFO  o.e.m.c.i.embedder.EclipseLogger - Copying 2 resources
2026-05-15 18:50:55,159 [Worker-46: Building] WARN  o.e.m.c.i.embedder.EclipseLogger - Using platform encoding (Cp1252 actually) to copy filtered resources, i.e. build is platform dependent!
2026-05-15 18:50:55,161 [Worker-46: Building] INFO  o.e.m.c.i.embedder.EclipseLogger - skip non existing resourceDirectory E:\mission-project-04\ORSProject-04\src\test\resources
2026-05-15 18:50:55,162 [Worker-46: Building] INFO  o.e.m.w.i.f.ResourceFilteringBuildParticipant - Changed resources require a complete clean of filtered resources of ORSProject-04
2026-05-15 18:50:55,163 [Worker-46: Building] INFO  o.e.m.w.i.f.ResourceFilteringBuildParticipant - Executing resource filtering for ORSProject-04
2026-05-15 18:52:29,693 [Worker-47: Building] WARN  o.e.m.c.i.embedder.EclipseLogger - Using platform encoding (Cp1252 actually) to copy filtered resources, i.e. build is platform dependent!
2026-05-15 18:52:29,694 [Worker-47: Building] INFO  o.e.m.c.i.embedder.EclipseLogger - Copying 2 resources
2026-05-15 18:52:29,697 [Worker-47: Building] WARN  o.e.m.c.i.embedder.EclipseLogger - Using platform encoding (Cp1252 actually) to copy filtered resources, i.e. build is platform dependent!
2026-05-15 18:52:29,698 [Worker-47: Building] INFO  o.e.m.c.i.embedder.EclipseLogger - skip non existing resourceDirectory E:\mission-project-04\ORSProject-04\src\test\resources
2026-05-15 18:54:32,746 [Worker-39: Building] WARN  o.e.m.c.i.embedder.EclipseLogger - Using platform encoding (Cp1252 actually) to copy filtered resources, i.e. build is platform dependent!
2026-05-15 18:54:32,747 [Worker-39: Building] INFO  o.e.m.c.i.embedder.EclipseLogger - Copying 2 resources
2026-05-15 18:54:32,750 [Worker-39: Building] WARN  o.e.m.c.i.embedder.EclipseLogger - Using platform encoding (Cp1252 actually) to copy filtered resources, i.e. build is platform dependent!
2026-05-15 18:54:32,750 [Worker-39: Building] INFO  o.e.m.c.i.embedder.EclipseLogger - skip non existing resourceDirectory E:\mission-project-04\ORSProject-04\src\test\resources
2026-05-15 18:55:15,091 [Worker-42: Building] WARN  o.e.m.c.i.embedder.EclipseLogger - Using platform encoding (Cp1252 actually) to copy filtered resources, i.e. build is platform dependent!
2026-05-15 18:55:15,092 [Worker-42: Building] INFO  o.e.m.c.i.embedder.EclipseLogger - Copying 2 resources
2026-05-15 18:55:15,094 [Worker-42: Building] WARN  o.e.m.c.i.embedder.EclipseLogger - Using platform encoding (Cp1252 actually) to copy filtered resources, i.e. build is platform dependent!
2026-05-15 18:55:15,095 [Worker-42: Building] INFO  o.e.m.c.i.embedder.EclipseLogger - skip non existing resourceDirectory E:\mission-project-04\ORSProject-04\src\test\resources
2026-05-16 17:05:18,350 [Worker-7: Loading available Gradle versions] INFO  o.e.b.c.i.u.g.PublishedGradleVersions - Gradle version information cache is out-of-date. Trying to update.
2026-05-16 17:27:27,044 [Worker-42: Building] WARN  o.e.m.c.i.embedder.EclipseLogger - Using platform encoding (Cp1252 actually) to copy filtered resources, i.e. build is platform dependent!
2026-05-16 17:27:27,052 [Worker-42: Building] INFO  o.e.m.c.i.embedder.EclipseLogger - Copying 2 resources
2026-05-16 17:27:27,060 [Worker-42: Building] WARN  o.e.m.c.i.embedder.EclipseLogger - Using platform encoding (Cp1252 actually) to copy filtered resources, i.e. build is platform dependent!
2026-05-16 17:27:27,061 [Worker-42: Building] INFO  o.e.m.c.i.embedder.EclipseLogger - skip non existing resourceDirectory E:\mission-project-04\ORSProject-04\src\test\resources
2026-05-16 17:27:43,849 [Worker-48: Building] WARN  o.e.m.c.i.embedder.EclipseLogger - Using platform encoding (Cp1252 actually) to copy filtered resources, i.e. build is platform dependent!
2026-05-16 17:27:43,855 [Worker-48: Building] INFO  o.e.m.c.i.embedder.EclipseLogger - Copying 2 resources
2026-05-16 17:27:43,858 [Worker-48: Building] WARN  o.e.m.c.i.embedder.EclipseLogger - Using platform encoding (Cp1252 actually) to copy filtered resources, i.e. build is platform dependent!
2026-05-16 17:27:43,859 [Worker-48: Building] INFO  o.e.m.c.i.embedder.EclipseLogger - skip non existing resourceDirectory E:\mission-project-04\ORSProject-04\src\test\resources
2026-05-16 17:34:24,959 [Worker-54: Building] WARN  o.e.m.c.i.embedder.EclipseLogger - Using platform encoding (Cp1252 actually) to copy filtered resources, i.e. build is platform dependent!
2026-05-16 17:34:24,961 [Worker-54: Building] INFO  o.e.m.c.i.embedder.EclipseLogger - Copying 2 resources
2026-05-16 17:34:24,964 [Worker-54: Building] WARN  o.e.m.c.i.embedder.EclipseLogger - Using platform encoding (Cp1252 actually) to copy filtered resources, i.e. build is platform dependent!
2026-05-16 17:34:24,965 [Worker-54: Building] INFO  o.e.m.c.i.embedder.EclipseLogger - skip non existing resourceDirectory E:\mission-project-04\ORSProject-04\src\test\resources
2026-05-16 17:45:34,017 [Worker-59: Building] WARN  o.e.m.c.i.embedder.EclipseLogger - Using platform encoding (Cp1252 actually) to copy filtered resources, i.e. build is platform dependent!
2026-05-16 17:45:34,019 [Worker-59: Building] INFO  o.e.m.c.i.embedder.EclipseLogger - Copying 2 resources
2026-05-16 17:45:34,021 [Worker-59: Building] WARN  o.e.m.c.i.embedder.EclipseLogger - Using platform encoding (Cp1252 actually) to copy filtered resources, i.e. build is platform dependent!
2026-05-16 17:45:34,022 [Worker-59: Building] INFO  o.e.m.c.i.embedder.EclipseLogger - skip non existing resourceDirectory E:\mission-project-04\ORSProject-04\src\test\resources
2026-05-16 17:45:37,758 [Worker-57: Building] WARN  o.e.m.c.i.embedder.EclipseLogger - Using platform encoding (Cp1252 actually) to copy filtered resources, i.e. build is platform dependent!
2026-05-16 17:45:37,760 [Worker-57: Building] INFO  o.e.m.c.i.embedder.EclipseLogger - Copying 2 resources
2026-05-16 17:45:37,762 [Worker-57: Building] WARN  o.e.m.c.i.embedder.EclipseLogger - Using platform encoding (Cp1252 actually) to copy filtered resources, i.e. build is platform dependent!
2026-05-16 17:45:37,763 [Worker-57: Building] INFO  o.e.m.c.i.embedder.EclipseLogger - skip non existing resourceDirectory E:\mission-project-04\ORSProject-04\src\test\resources
2026-05-16 17:50:53,738 [Worker-57: Building] WARN  o.e.m.c.i.embedder.EclipseLogger - Using platform encoding (Cp1252 actually) to copy filtered resources, i.e. build is platform dependent!
2026-05-16 17:50:53,739 [Worker-57: Building] INFO  o.e.m.c.i.embedder.EclipseLogger - Copying 2 resources
2026-05-16 17:50:53,741 [Worker-57: Building] WARN  o.e.m.c.i.embedder.EclipseLogger - Using platform encoding (Cp1252 actually) to copy filtered resources, i.e. build is platform dependent!
2026-05-16 17:50:53,742 [Worker-57: Building] INFO  o.e.m.c.i.embedder.EclipseLogger - skip non existing resourceDirectory E:\mission-project-04\ORSProject-04\src\test\resources
2026-05-16 17:52:20,917 [Worker-64: Building] WARN  o.e.m.c.i.embedder.EclipseLogger - Using platform encoding (Cp1252 actually) to copy filtered resources, i.e. build is platform dependent!
2026-05-16 17:52:20,920 [Worker-64: Building] INFO  o.e.m.c.i.embedder.EclipseLogger - Copying 2 resources
2026-05-16 17:52:20,923 [Worker-64: Building] WARN  o.e.m.c.i.embedder.EclipseLogger - Using platform encoding (Cp1252 actually) to copy filtered resources, i.e. build is platform dependent!
2026-05-16 17:52:20,924 [Worker-64: Building] INFO  o.e.m.c.i.embedder.EclipseLogger - skip non existing resourceDirectory E:\mission-project-04\ORSProject-04\src\test\resources
2026-05-16 17:53:18,210 [Worker-64: Building] WARN  o.e.m.c.i.embedder.EclipseLogger - Using platform encoding (Cp1252 actually) to copy filtered resources, i.e. build is platform dependent!
2026-05-16 17:53:18,215 [Worker-64: Building] INFO  o.e.m.c.i.embedder.EclipseLogger - Copying 2 resources
2026-05-16 17:53:18,224 [Worker-64: Building] WARN  o.e.m.c.i.embedder.EclipseLogger - Using platform encoding (Cp1252 actually) to copy filtered resources, i.e. build is platform dependent!
2026-05-16 17:53:18,226 [Worker-64: Building] INFO  o.e.m.c.i.embedder.EclipseLogger - skip non existing resourceDirectory E:\mission-project-04\ORSProject-04\src\test\resources
2026-05-16 17:54:01,529 [Worker-64: Building] WARN  o.e.m.c.i.embedder.EclipseLogger - Using platform encoding (Cp1252 actually) to copy filtered resources, i.e. build is platform dependent!
2026-05-16 17:54:01,531 [Worker-64: Building] INFO  o.e.m.c.i.embedder.EclipseLogger - Copying 2 resources
2026-05-16 17:54:01,533 [Worker-64: Building] WARN  o.e.m.c.i.embedder.EclipseLogger - Using platform encoding (Cp1252 actually) to copy filtered resources, i.e. build is platform dependent!
2026-05-16 17:54:01,534 [Worker-64: Building] INFO  o.e.m.c.i.embedder.EclipseLogger - skip non existing resourceDirectory E:\mission-project-04\ORSProject-04\src\test\resources
2026-05-18 13:30:40,134 [Worker-4: Loading available Gradle versions] INFO  o.e.b.c.i.u.g.PublishedGradleVersions - Gradle version information cache is up-to-date. Trying to read.
2026-05-18 17:03:59,063 [Worker-76: Building] WARN  o.e.m.c.i.embedder.EclipseLogger - Using platform encoding (Cp1252 actually) to copy filtered resources, i.e. build is platform dependent!
2026-05-18 17:03:59,068 [Worker-76: Building] INFO  o.e.m.c.i.embedder.EclipseLogger - Copying 2 resources
2026-05-18 17:03:59,074 [Worker-76: Building] WARN  o.e.m.c.i.embedder.EclipseLogger - Using platform encoding (Cp1252 actually) to copy filtered resources, i.e. build is platform dependent!
2026-05-18 17:03:59,076 [Worker-76: Building] INFO  o.e.m.c.i.embedder.EclipseLogger - skip non existing resourceDirectory E:\mission-project-04\ORSProject-04\src\test\resources
2026-05-18 17:04:03,793 [Worker-79: Building] WARN  o.e.m.c.i.embedder.EclipseLogger - Using platform encoding (Cp1252 actually) to copy filtered resources, i.e. build is platform dependent!
2026-05-18 17:04:03,797 [Worker-79: Building] INFO  o.e.m.c.i.embedder.EclipseLogger - Copying 2 resources
2026-05-18 17:04:03,799 [Worker-79: Building] WARN  o.e.m.c.i.embedder.EclipseLogger - Using platform encoding (Cp1252 actually) to copy filtered resources, i.e. build is platform dependent!
2026-05-18 17:04:03,800 [Worker-79: Building] INFO  o.e.m.c.i.embedder.EclipseLogger - skip non existing resourceDirectory E:\mission-project-04\ORSProject-04\src\test\resources
2026-05-18 17:18:28,465 [Worker-81: Building] WARN  o.e.m.c.i.embedder.EclipseLogger - Using platform encoding (Cp1252 actually) to copy filtered resources, i.e. build is platform dependent!
2026-05-18 17:18:28,465 [Worker-81: Building] INFO  o.e.m.c.i.embedder.EclipseLogger - Copying 0 resource
2026-05-18 17:18:28,468 [Worker-81: Building] WARN  o.e.m.c.i.embedder.EclipseLogger - Using platform encoding (Cp1252 actually) to copy filtered resources, i.e. build is platform dependent!
2026-05-18 17:18:28,469 [Worker-81: Building] INFO  o.e.m.c.i.embedder.EclipseLogger - skip non existing resourceDirectory E:\mission-project-04\ORSProject-04\src\test\resources
2026-05-18 17:18:41,285 [Worker-84: Building] WARN  o.e.m.c.i.embedder.EclipseLogger - Using platform encoding (Cp1252 actually) to copy filtered resources, i.e. build is platform dependent!
2026-05-18 17:18:41,286 [Worker-84: Building] INFO  o.e.m.c.i.embedder.EclipseLogger - Copying 0 resource
2026-05-18 17:18:41,287 [Worker-84: Building] WARN  o.e.m.c.i.embedder.EclipseLogger - Using platform encoding (Cp1252 actually) to copy filtered resources, i.e. build is platform dependent!
2026-05-18 17:18:41,288 [Worker-84: Building] INFO  o.e.m.c.i.embedder.EclipseLogger - skip non existing resourceDirectory E:\mission-project-04\ORSProject-04\src\test\resources
2026-05-18 17:20:17,421 [Worker-73: Building] WARN  o.e.m.c.i.embedder.EclipseLogger - Using platform encoding (Cp1252 actually) to copy filtered resources, i.e. build is platform dependent!
2026-05-18 17:20:17,423 [Worker-73: Building] INFO  o.e.m.c.i.embedder.EclipseLogger - Copying 0 resource
2026-05-18 17:20:17,424 [Worker-73: Building] WARN  o.e.m.c.i.embedder.EclipseLogger - Using platform encoding (Cp1252 actually) to copy filtered resources, i.e. build is platform dependent!
2026-05-18 17:20:17,425 [Worker-73: Building] INFO  o.e.m.c.i.embedder.EclipseLogger - skip non existing resourceDirectory E:\mission-project-04\ORSProject-04\src\test\resources
2026-05-18 17:20:36,209 [Worker-85: Building] WARN  o.e.m.c.i.embedder.EclipseLogger - Using platform encoding (Cp1252 actually) to copy filtered resources, i.e. build is platform dependent!
2026-05-18 17:20:36,210 [Worker-85: Building] INFO  o.e.m.c.i.embedder.EclipseLogger - Copying 2 resources
2026-05-18 17:20:36,212 [Worker-85: Building] WARN  o.e.m.c.i.embedder.EclipseLogger - Using platform encoding (Cp1252 actually) to copy filtered resources, i.e. build is platform dependent!
2026-05-18 17:20:36,213 [Worker-85: Building] INFO  o.e.m.c.i.embedder.EclipseLogger - skip non existing resourceDirectory E:\mission-project-04\ORSProject-04\src\test\resources
2026-05-18 17:21:11,779 [Worker-86: Building] WARN  o.e.m.c.i.embedder.EclipseLogger - Using platform encoding (Cp1252 actually) to copy filtered resources, i.e. build is platform dependent!
2026-05-18 17:21:11,780 [Worker-86: Building] INFO  o.e.m.c.i.embedder.EclipseLogger - Copying 0 resource
2026-05-18 17:21:11,783 [Worker-86: Building] WARN  o.e.m.c.i.embedder.EclipseLogger - Using platform encoding (Cp1252 actually) to copy filtered resources, i.e. build is platform dependent!
2026-05-18 17:21:11,784 [Worker-86: Building] INFO  o.e.m.c.i.embedder.EclipseLogger - skip non existing resourceDirectory E:\mission-project-04\ORSProject-04\src\test\resources
2026-05-18 17:21:29,328 [Worker-73: Building] WARN  o.e.m.c.i.embedder.EclipseLogger - Using platform encoding (Cp1252 actually) to copy filtered resources, i.e. build is platform dependent!
2026-05-18 17:21:29,329 [Worker-73: Building] INFO  o.e.m.c.i.embedder.EclipseLogger - Copying 0 resource
2026-05-18 17:21:29,331 [Worker-73: Building] WARN  o.e.m.c.i.embedder.EclipseLogger - Using platform encoding (Cp1252 actually) to copy filtered resources, i.e. build is platform dependent!
2026-05-18 17:21:29,331 [Worker-73: Building] INFO  o.e.m.c.i.embedder.EclipseLogger - skip non existing resourceDirectory E:\mission-project-04\ORSProject-04\src\test\resources
2026-05-18 17:27:50,599 [Worker-87: Building] WARN  o.e.m.c.i.embedder.EclipseLogger - Using platform encoding (Cp1252 actually) to copy filtered resources, i.e. build is platform dependent!
2026-05-18 17:27:50,600 [Worker-87: Building] INFO  o.e.m.c.i.embedder.EclipseLogger - Copying 0 resource
2026-05-18 17:27:50,602 [Worker-87: Building] WARN  o.e.m.c.i.embedder.EclipseLogger - Using platform encoding (Cp1252 actually) to copy filtered resources, i.e. build is platform dependent!
2026-05-18 17:27:50,603 [Worker-87: Building] INFO  o.e.m.c.i.embedder.EclipseLogger - skip non existing resourceDirectory E:\mission-project-04\ORSProject-04\src\test\resources
2026-05-18 17:31:35,182 [Worker-83: Building] WARN  o.e.m.c.i.embedder.EclipseLogger - Using platform encoding (Cp1252 actually) to copy filtered resources, i.e. build is platform dependent!
2026-05-18 17:31:35,183 [Worker-83: Building] INFO  o.e.m.c.i.embedder.EclipseLogger - Copying 0 resource
2026-05-18 17:31:35,184 [Worker-83: Building] WARN  o.e.m.c.i.embedder.EclipseLogger - Using platform encoding (Cp1252 actually) to copy filtered resources, i.e. build is platform dependent!
2026-05-18 17:31:35,185 [Worker-83: Building] INFO  o.e.m.c.i.embedder.EclipseLogger - skip non existing resourceDirectory E:\mission-project-04\ORSProject-04\src\test\resources
2026-05-18 17:31:52,831 [Worker-92: Cleaning all projects] INFO  o.e.m.w.i.f.ResourceFilteringBuildParticipant - Cleaning filtered folder for ORSProject-04
2026-05-18 17:31:53,521 [Worker-93: Building] WARN  o.e.m.c.i.embedder.EclipseLogger - Using platform encoding (Cp1252 actually) to copy filtered resources, i.e. build is platform dependent!
2026-05-18 17:31:53,523 [Worker-93: Building] INFO  o.e.m.c.i.embedder.EclipseLogger - Copying 2 resources
2026-05-18 17:31:53,534 [Worker-93: Building] WARN  o.e.m.c.i.embedder.EclipseLogger - Using platform encoding (Cp1252 actually) to copy filtered resources, i.e. build is platform dependent!
2026-05-18 17:31:53,535 [Worker-93: Building] INFO  o.e.m.c.i.embedder.EclipseLogger - skip non existing resourceDirectory E:\mission-project-04\ORSProject-04\src\test\resources
2026-05-18 17:31:53,535 [Worker-93: Building] INFO  o.e.m.w.i.f.ResourceFilteringBuildParticipant - Changed resources require a complete clean of filtered resources of ORSProject-04
2026-05-18 17:31:53,538 [Worker-93: Building] INFO  o.e.m.w.i.f.ResourceFilteringBuildParticipant - Executing resource filtering for ORSProject-04
2026-05-18 17:59:40,947 [Worker-99: Building] WARN  o.e.m.c.i.embedder.EclipseLogger - Using platform encoding (Cp1252 actually) to copy filtered resources, i.e. build is platform dependent!
2026-05-18 17:59:40,948 [Worker-99: Building] INFO  o.e.m.c.i.embedder.EclipseLogger - Copying 0 resource
2026-05-18 17:59:40,949 [Worker-99: Building] WARN  o.e.m.c.i.embedder.EclipseLogger - Using platform encoding (Cp1252 actually) to copy filtered resources, i.e. build is platform dependent!
2026-05-18 17:59:40,950 [Worker-99: Building] INFO  o.e.m.c.i.embedder.EclipseLogger - skip non existing resourceDirectory E:\mission-project-04\ORSProject-04\src\test\resources
2026-05-18 18:00:02,740 [Worker-95: Updating Maven Project] INFO  o.e.m.c.i.p.ProjectConfigurationManager - Update started
2026-05-18 18:00:04,877 [Worker-95: Updating Maven Project] INFO  o.e.m.c.i.l.LifecycleMappingFactory - Using org.maven.ide.eclipse.wtp.WarLifecycleMapping lifecycle mapping for MavenProject: in.co.rays:ORSProject-04:0.0.1-SNAPSHOT @ E:\mission-project-04\ORSProject-04\pom.xml.
2026-05-18 18:00:05,433 [Worker-95: Updating Maven Project] INFO  o.e.m.j.i.AbstractJavaProjectConfigurator - Adding source folder /ORSProject-04/src/main/java
2026-05-18 18:00:05,433 [Worker-95: Updating Maven Project] INFO  o.e.m.j.i.AbstractJavaProjectConfigurator - Adding resource folder /ORSProject-04/src/main/resources
2026-05-18 18:00:05,433 [Worker-95: Updating Maven Project] INFO  o.e.m.j.i.AbstractJavaProjectConfigurator - Adding source folder /ORSProject-04/src/test/java
2026-05-18 18:00:05,928 [Worker-95: Updating Maven Project] INFO  o.e.m.w.i.f.ResourceFilteringBuildParticipant - Cleaning filtered folder for ORSProject-04
2026-05-18 18:00:05,950 [Worker-95: Updating Maven Project] INFO  o.e.m.c.i.p.ProjectConfigurationManager - Update completed for 1 poms: local refresh takes 0.00 sec, refresh facades takes 2.00 sec, update config takes 0.00 sec 
2026-05-18 18:00:06,387 [Worker-91: Building] WARN  o.e.m.c.i.embedder.EclipseLogger - Using platform encoding (Cp1252 actually) to copy filtered resources, i.e. build is platform dependent!
2026-05-18 18:00:06,389 [Worker-91: Building] INFO  o.e.m.c.i.embedder.EclipseLogger - Copying 2 resources
2026-05-18 18:00:06,412 [Worker-91: Building] WARN  o.e.m.c.i.embedder.EclipseLogger - Using platform encoding (Cp1252 actually) to copy filtered resources, i.e. build is platform dependent!
2026-05-18 18:00:06,413 [Worker-91: Building] INFO  o.e.m.c.i.embedder.EclipseLogger - skip non existing resourceDirectory E:\mission-project-04\ORSProject-04\src\test\resources
2026-05-18 18:00:06,414 [Worker-91: Building] INFO  o.e.m.w.i.f.ResourceFilteringBuildParticipant - Changed resources require a complete clean of filtered resources of ORSProject-04
2026-05-18 18:00:06,414 [Worker-91: Building] INFO  o.e.m.w.i.f.ResourceFilteringBuildParticipant - Executing resource filtering for ORSProject-04
2026-05-18 18:01:17,875 [Worker-102: Building] WARN  o.e.m.c.i.embedder.EclipseLogger - Using platform encoding (Cp1252 actually) to copy filtered resources, i.e. build is platform dependent!
2026-05-18 18:01:17,876 [Worker-102: Building] INFO  o.e.m.c.i.embedder.EclipseLogger - Copying 0 resource
2026-05-18 18:01:17,877 [Worker-102: Building] WARN  o.e.m.c.i.embedder.EclipseLogger - Using platform encoding (Cp1252 actually) to copy filtered resources, i.e. build is platform dependent!
2026-05-18 18:01:17,877 [Worker-102: Building] INFO  o.e.m.c.i.embedder.EclipseLogger - skip non existing resourceDirectory E:\mission-project-04\ORSProject-04\src\test\resources
2026-05-18 18:04:31,304 [Worker-91: Building] WARN  o.e.m.c.i.embedder.EclipseLogger - Using platform encoding (Cp1252 actually) to copy filtered resources, i.e. build is platform dependent!
2026-05-18 18:04:31,306 [Worker-91: Building] INFO  o.e.m.c.i.embedder.EclipseLogger - Copying 0 resource
2026-05-18 18:04:31,309 [Worker-91: Building] WARN  o.e.m.c.i.embedder.EclipseLogger - Using platform encoding (Cp1252 actually) to copy filtered resources, i.e. build is platform dependent!
2026-05-18 18:04:31,310 [Worker-91: Building] INFO  o.e.m.c.i.embedder.EclipseLogger - skip non existing resourceDirectory E:\mission-project-04\ORSProject-04\src\test\resources
2026-05-18 18:06:44,578 [Worker-103: Building] WARN  o.e.m.c.i.embedder.EclipseLogger - Using platform encoding (Cp1252 actually) to copy filtered resources, i.e. build is platform dependent!
2026-05-18 18:06:44,580 [Worker-103: Building] INFO  o.e.m.c.i.embedder.EclipseLogger - Copying 0 resource
2026-05-18 18:06:44,586 [Worker-103: Building] WARN  o.e.m.c.i.embedder.EclipseLogger - Using platform encoding (Cp1252 actually) to copy filtered resources, i.e. build is platform dependent!
2026-05-18 18:06:44,587 [Worker-103: Building] INFO  o.e.m.c.i.embedder.EclipseLogger - skip non existing resourceDirectory E:\mission-project-04\ORSProject-04\src\test\resources
2026-05-18 18:09:06,400 [Worker-105: Building] WARN  o.e.m.c.i.embedder.EclipseLogger - Using platform encoding (Cp1252 actually) to copy filtered resources, i.e. build is platform dependent!
2026-05-18 18:09:06,406 [Worker-105: Building] INFO  o.e.m.c.i.embedder.EclipseLogger - Copying 2 resources
2026-05-18 18:09:06,410 [Worker-105: Building] WARN  o.e.m.c.i.embedder.EclipseLogger - Using platform encoding (Cp1252 actually) to copy filtered resources, i.e. build is platform dependent!
2026-05-18 18:09:06,411 [Worker-105: Building] INFO  o.e.m.c.i.embedder.EclipseLogger - skip non existing resourceDirectory E:\mission-project-04\ORSProject-04\src\test\resources
2026-05-18 18:09:30,950 [Worker-105: Building] WARN  o.e.m.c.i.embedder.EclipseLogger - Using platform encoding (Cp1252 actually) to copy filtered resources, i.e. build is platform dependent!
2026-05-18 18:09:30,952 [Worker-105: Building] INFO  o.e.m.c.i.embedder.EclipseLogger - Copying 0 resource
2026-05-18 18:09:30,957 [Worker-105: Building] WARN  o.e.m.c.i.embedder.EclipseLogger - Using platform encoding (Cp1252 actually) to copy filtered resources, i.e. build is platform dependent!
2026-05-18 18:09:30,960 [Worker-105: Building] INFO  o.e.m.c.i.embedder.EclipseLogger - skip non existing resourceDirectory E:\mission-project-04\ORSProject-04\src\test\resources
2026-05-18 18:10:36,846 [Worker-103: Cleaning all projects] INFO  o.e.m.w.i.f.ResourceFilteringBuildParticipant - Cleaning filtered folder for ORSProject-04
2026-05-18 18:10:37,536 [Worker-104: Building] WARN  o.e.m.c.i.embedder.EclipseLogger - Using platform encoding (Cp1252 actually) to copy filtered resources, i.e. build is platform dependent!
2026-05-18 18:10:37,539 [Worker-104: Building] INFO  o.e.m.c.i.embedder.EclipseLogger - Copying 2 resources
2026-05-18 18:10:37,551 [Worker-104: Building] WARN  o.e.m.c.i.embedder.EclipseLogger - Using platform encoding (Cp1252 actually) to copy filtered resources, i.e. build is platform dependent!
2026-05-18 18:10:37,553 [Worker-104: Building] INFO  o.e.m.c.i.embedder.EclipseLogger - skip non existing resourceDirectory E:\mission-project-04\ORSProject-04\src\test\resources
2026-05-18 18:10:37,554 [Worker-104: Building] INFO  o.e.m.w.i.f.ResourceFilteringBuildParticipant - Changed resources require a complete clean of filtered resources of ORSProject-04
2026-05-18 18:10:37,554 [Worker-104: Building] INFO  o.e.m.w.i.f.ResourceFilteringBuildParticipant - Executing resource filtering for ORSProject-04
2026-05-18 18:10:47,595 [Worker-107: Updating Maven Project] INFO  o.e.m.c.i.p.ProjectConfigurationManager - Update started
2026-05-18 18:10:47,946 [Worker-107: Updating Maven Project] INFO  o.e.m.c.i.l.LifecycleMappingFactory - Using org.maven.ide.eclipse.wtp.WarLifecycleMapping lifecycle mapping for MavenProject: in.co.rays:ORSProject-04:0.0.1-SNAPSHOT @ E:\mission-project-04\ORSProject-04\pom.xml.
2026-05-18 18:10:48,592 [Worker-107: Updating Maven Project] INFO  o.e.m.j.i.AbstractJavaProjectConfigurator - Adding source folder /ORSProject-04/src/main/java
2026-05-18 18:10:48,592 [Worker-107: Updating Maven Project] INFO  o.e.m.j.i.AbstractJavaProjectConfigurator - Adding resource folder /ORSProject-04/src/main/resources
2026-05-18 18:10:48,592 [Worker-107: Updating Maven Project] INFO  o.e.m.j.i.AbstractJavaProjectConfigurator - Adding source folder /ORSProject-04/src/test/java
2026-05-18 18:10:49,100 [Worker-107: Updating Maven Project] INFO  o.e.m.w.i.f.ResourceFilteringBuildParticipant - Cleaning filtered folder for ORSProject-04
2026-05-18 18:10:49,128 [Worker-107: Updating Maven Project] INFO  o.e.m.c.i.p.ProjectConfigurationManager - Update completed for 1 poms: local refresh takes 0.00 sec, refresh facades takes 0.00 sec, update config takes 0.00 sec 
2026-05-18 18:10:49,727 [Worker-106: Building] WARN  o.e.m.c.i.embedder.EclipseLogger - Using platform encoding (Cp1252 actually) to copy filtered resources, i.e. build is platform dependent!
2026-05-18 18:10:49,729 [Worker-106: Building] INFO  o.e.m.c.i.embedder.EclipseLogger - Copying 2 resources
2026-05-18 18:10:49,764 [Worker-106: Building] WARN  o.e.m.c.i.embedder.EclipseLogger - Using platform encoding (Cp1252 actually) to copy filtered resources, i.e. build is platform dependent!
2026-05-18 18:10:49,765 [Worker-106: Building] INFO  o.e.m.c.i.embedder.EclipseLogger - skip non existing resourceDirectory E:\mission-project-04\ORSProject-04\src\test\resources
2026-05-18 18:10:49,766 [Worker-106: Building] INFO  o.e.m.w.i.f.ResourceFilteringBuildParticipant - Changed resources require a complete clean of filtered resources of ORSProject-04
2026-05-18 18:10:49,766 [Worker-106: Building] INFO  o.e.m.w.i.f.ResourceFilteringBuildParticipant - Executing resource filtering for ORSProject-04
2026-05-18 18:15:03,455 [Worker-114: Building] WARN  o.e.m.c.i.embedder.EclipseLogger - Using platform encoding (Cp1252 actually) to copy filtered resources, i.e. build is platform dependent!
2026-05-18 18:15:03,457 [Worker-114: Building] INFO  o.e.m.c.i.embedder.EclipseLogger - Copying 0 resource
2026-05-18 18:15:03,459 [Worker-114: Building] WARN  o.e.m.c.i.embedder.EclipseLogger - Using platform encoding (Cp1252 actually) to copy filtered resources, i.e. build is platform dependent!
2026-05-18 18:15:03,460 [Worker-114: Building] INFO  o.e.m.c.i.embedder.EclipseLogger - skip non existing resourceDirectory E:\mission-project-04\ORSProject-04\src\test\resources
2026-05-18 18:18:07,743 [Worker-117: Building] WARN  o.e.m.c.i.embedder.EclipseLogger - Using platform encoding (Cp1252 actually) to copy filtered resources, i.e. build is platform dependent!
2026-05-18 18:18:07,745 [Worker-117: Building] INFO  o.e.m.c.i.embedder.EclipseLogger - Copying 0 resource
2026-05-18 18:18:07,750 [Worker-117: Building] WARN  o.e.m.c.i.embedder.EclipseLogger - Using platform encoding (Cp1252 actually) to copy filtered resources, i.e. build is platform dependent!
2026-05-18 18:18:07,752 [Worker-117: Building] INFO  o.e.m.c.i.embedder.EclipseLogger - skip non existing resourceDirectory E:\mission-project-04\ORSProject-04\src\test\resources
2026-05-19 11:37:17,590 [Worker-7: Loading available Gradle versions] INFO  o.e.b.c.i.u.g.PublishedGradleVersions - Gradle version information cache is up-to-date. Trying to read.
2026-05-19 11:53:38,580 [Worker-42: Building] WARN  o.e.m.c.i.embedder.EclipseLogger - Using platform encoding (Cp1252 actually) to copy filtered resources, i.e. build is platform dependent!
2026-05-19 11:53:38,670 [Worker-42: Building] INFO  o.e.m.c.i.embedder.EclipseLogger - Copying 2 resources
2026-05-19 11:53:38,676 [Worker-42: Building] WARN  o.e.m.c.i.embedder.EclipseLogger - Using platform encoding (Cp1252 actually) to copy filtered resources, i.e. build is platform dependent!
2026-05-19 11:53:38,677 [Worker-42: Building] INFO  o.e.m.c.i.embedder.EclipseLogger - skip non existing resourceDirectory E:\mission-project-04\ORSProject-04\src\test\resources
2026-05-19 11:54:54,566 [Worker-41: Building] WARN  o.e.m.c.i.embedder.EclipseLogger - Using platform encoding (Cp1252 actually) to copy filtered resources, i.e. build is platform dependent!
2026-05-19 11:54:54,570 [Worker-41: Building] INFO  o.e.m.c.i.embedder.EclipseLogger - Copying 2 resources
2026-05-19 11:54:54,572 [Worker-41: Building] WARN  o.e.m.c.i.embedder.EclipseLogger - Using platform encoding (Cp1252 actually) to copy filtered resources, i.e. build is platform dependent!
2026-05-19 11:54:54,573 [Worker-41: Building] INFO  o.e.m.c.i.embedder.EclipseLogger - skip non existing resourceDirectory E:\mission-project-04\ORSProject-04\src\test\resources
2026-05-19 11:55:37,482 [Worker-41: Building] WARN  o.e.m.c.i.embedder.EclipseLogger - Using platform encoding (Cp1252 actually) to copy filtered resources, i.e. build is platform dependent!
2026-05-19 11:55:37,484 [Worker-41: Building] INFO  o.e.m.c.i.embedder.EclipseLogger - Copying 2 resources
2026-05-19 11:55:37,486 [Worker-41: Building] WARN  o.e.m.c.i.embedder.EclipseLogger - Using platform encoding (Cp1252 actually) to copy filtered resources, i.e. build is platform dependent!
2026-05-19 11:55:37,486 [Worker-41: Building] INFO  o.e.m.c.i.embedder.EclipseLogger - skip non existing resourceDirectory E:\mission-project-04\ORSProject-04\src\test\resources
2026-05-19 11:57:05,379 [Worker-46: Building] WARN  o.e.m.c.i.embedder.EclipseLogger - Using platform encoding (Cp1252 actually) to copy filtered resources, i.e. build is platform dependent!
2026-05-19 11:57:05,380 [Worker-46: Building] INFO  o.e.m.c.i.embedder.EclipseLogger - Copying 2 resources
2026-05-19 11:57:05,382 [Worker-46: Building] WARN  o.e.m.c.i.embedder.EclipseLogger - Using platform encoding (Cp1252 actually) to copy filtered resources, i.e. build is platform dependent!
2026-05-19 11:57:05,382 [Worker-46: Building] INFO  o.e.m.c.i.embedder.EclipseLogger - skip non existing resourceDirectory E:\mission-project-04\ORSProject-04\src\test\resources
2026-05-19 11:58:12,199 [Worker-42: Building] WARN  o.e.m.c.i.embedder.EclipseLogger - Using platform encoding (Cp1252 actually) to copy filtered resources, i.e. build is platform dependent!
2026-05-19 11:58:12,201 [Worker-42: Building] INFO  o.e.m.c.i.embedder.EclipseLogger - Copying 2 resources
2026-05-19 11:58:12,203 [Worker-42: Building] WARN  o.e.m.c.i.embedder.EclipseLogger - Using platform encoding (Cp1252 actually) to copy filtered resources, i.e. build is platform dependent!
2026-05-19 11:58:12,204 [Worker-42: Building] INFO  o.e.m.c.i.embedder.EclipseLogger - skip non existing resourceDirectory E:\mission-project-04\ORSProject-04\src\test\resources
2026-05-19 11:59:38,436 [Worker-48: Building] WARN  o.e.m.c.i.embedder.EclipseLogger - Using platform encoding (Cp1252 actually) to copy filtered resources, i.e. build is platform dependent!
2026-05-19 11:59:38,438 [Worker-48: Building] INFO  o.e.m.c.i.embedder.EclipseLogger - Copying 2 resources
2026-05-19 11:59:38,439 [Worker-48: Building] WARN  o.e.m.c.i.embedder.EclipseLogger - Using platform encoding (Cp1252 actually) to copy filtered resources, i.e. build is platform dependent!
2026-05-19 11:59:38,440 [Worker-48: Building] INFO  o.e.m.c.i.embedder.EclipseLogger - skip non existing resourceDirectory E:\mission-project-04\ORSProject-04\src\test\resources
2026-05-19 12:00:12,992 [Worker-46: Building] WARN  o.e.m.c.i.embedder.EclipseLogger - Using platform encoding (Cp1252 actually) to copy filtered resources, i.e. build is platform dependent!
2026-05-19 12:00:12,994 [Worker-46: Building] INFO  o.e.m.c.i.embedder.EclipseLogger - Copying 2 resources
2026-05-19 12:00:12,996 [Worker-46: Building] WARN  o.e.m.c.i.embedder.EclipseLogger - Using platform encoding (Cp1252 actually) to copy filtered resources, i.e. build is platform dependent!
2026-05-19 12:00:12,997 [Worker-46: Building] INFO  o.e.m.c.i.embedder.EclipseLogger - skip non existing resourceDirectory E:\mission-project-04\ORSProject-04\src\test\resources
2026-05-19 12:01:16,013 [Worker-42: Building] WARN  o.e.m.c.i.embedder.EclipseLogger - Using platform encoding (Cp1252 actually) to copy filtered resources, i.e. build is platform dependent!
2026-05-19 12:01:16,014 [Worker-42: Building] INFO  o.e.m.c.i.embedder.EclipseLogger - Copying 2 resources
2026-05-19 12:01:16,017 [Worker-42: Building] WARN  o.e.m.c.i.embedder.EclipseLogger - Using platform encoding (Cp1252 actually) to copy filtered resources, i.e. build is platform dependent!
2026-05-19 12:01:16,018 [Worker-42: Building] INFO  o.e.m.c.i.embedder.EclipseLogger - skip non existing resourceDirectory E:\mission-project-04\ORSProject-04\src\test\resources
2026-05-19 12:02:26,137 [Worker-47: Building] WARN  o.e.m.c.i.embedder.EclipseLogger - Using platform encoding (Cp1252 actually) to copy filtered resources, i.e. build is platform dependent!
2026-05-19 12:02:26,139 [Worker-47: Building] INFO  o.e.m.c.i.embedder.EclipseLogger - Copying 2 resources
2026-05-19 12:02:26,140 [Worker-47: Building] WARN  o.e.m.c.i.embedder.EclipseLogger - Using platform encoding (Cp1252 actually) to copy filtered resources, i.e. build is platform dependent!
2026-05-19 12:02:26,141 [Worker-47: Building] INFO  o.e.m.c.i.embedder.EclipseLogger - skip non existing resourceDirectory E:\mission-project-04\ORSProject-04\src\test\resources
2026-05-19 12:03:23,132 [Worker-46: Building] WARN  o.e.m.c.i.embedder.EclipseLogger - Using platform encoding (Cp1252 actually) to copy filtered resources, i.e. build is platform dependent!
2026-05-19 12:03:23,133 [Worker-46: Building] INFO  o.e.m.c.i.embedder.EclipseLogger - Copying 2 resources
2026-05-19 12:03:23,135 [Worker-46: Building] WARN  o.e.m.c.i.embedder.EclipseLogger - Using platform encoding (Cp1252 actually) to copy filtered resources, i.e. build is platform dependent!
2026-05-19 12:03:23,135 [Worker-46: Building] INFO  o.e.m.c.i.embedder.EclipseLogger - skip non existing resourceDirectory E:\mission-project-04\ORSProject-04\src\test\resources
2026-05-19 12:04:19,855 [Worker-46: Building] WARN  o.e.m.c.i.embedder.EclipseLogger - Using platform encoding (Cp1252 actually) to copy filtered resources, i.e. build is platform dependent!
2026-05-19 12:04:19,856 [Worker-46: Building] INFO  o.e.m.c.i.embedder.EclipseLogger - Copying 2 resources
2026-05-19 12:04:19,858 [Worker-46: Building] WARN  o.e.m.c.i.embedder.EclipseLogger - Using platform encoding (Cp1252 actually) to copy filtered resources, i.e. build is platform dependent!
2026-05-19 12:04:19,859 [Worker-46: Building] INFO  o.e.m.c.i.embedder.EclipseLogger - skip non existing resourceDirectory E:\mission-project-04\ORSProject-04\src\test\resources
2026-05-19 12:04:56,170 [Worker-46: Building] WARN  o.e.m.c.i.embedder.EclipseLogger - Using platform encoding (Cp1252 actually) to copy filtered resources, i.e. build is platform dependent!
2026-05-19 12:04:56,171 [Worker-46: Building] INFO  o.e.m.c.i.embedder.EclipseLogger - Copying 2 resources
2026-05-19 12:04:56,173 [Worker-46: Building] WARN  o.e.m.c.i.embedder.EclipseLogger - Using platform encoding (Cp1252 actually) to copy filtered resources, i.e. build is platform dependent!
2026-05-19 12:04:56,173 [Worker-46: Building] INFO  o.e.m.c.i.embedder.EclipseLogger - skip non existing resourceDirectory E:\mission-project-04\ORSProject-04\src\test\resources
2026-05-19 12:04:59,339 [Worker-42: Building] WARN  o.e.m.c.i.embedder.EclipseLogger - Using platform encoding (Cp1252 actually) to copy filtered resources, i.e. build is platform dependent!
2026-05-19 12:04:59,341 [Worker-42: Building] INFO  o.e.m.c.i.embedder.EclipseLogger - Copying 2 resources
2026-05-19 12:04:59,343 [Worker-42: Building] WARN  o.e.m.c.i.embedder.EclipseLogger - Using platform encoding (Cp1252 actually) to copy filtered resources, i.e. build is platform dependent!
2026-05-19 12:04:59,344 [Worker-42: Building] INFO  o.e.m.c.i.embedder.EclipseLogger - skip non existing resourceDirectory E:\mission-project-04\ORSProject-04\src\test\resources
2026-05-19 12:05:02,395 [Worker-42: Building] WARN  o.e.m.c.i.embedder.EclipseLogger - Using platform encoding (Cp1252 actually) to copy filtered resources, i.e. build is platform dependent!
2026-05-19 12:05:02,396 [Worker-42: Building] INFO  o.e.m.c.i.embedder.EclipseLogger - Copying 2 resources
2026-05-19 12:05:02,397 [Worker-42: Building] WARN  o.e.m.c.i.embedder.EclipseLogger - Using platform encoding (Cp1252 actually) to copy filtered resources, i.e. build is platform dependent!
2026-05-19 12:05:02,398 [Worker-42: Building] INFO  o.e.m.c.i.embedder.EclipseLogger - skip non existing resourceDirectory E:\mission-project-04\ORSProject-04\src\test\resources
2026-05-19 12:06:11,844 [Worker-48: Building] WARN  o.e.m.c.i.embedder.EclipseLogger - Using platform encoding (Cp1252 actually) to copy filtered resources, i.e. build is platform dependent!
2026-05-19 12:06:11,845 [Worker-48: Building] INFO  o.e.m.c.i.embedder.EclipseLogger - Copying 2 resources
2026-05-19 12:06:11,846 [Worker-48: Building] WARN  o.e.m.c.i.embedder.EclipseLogger - Using platform encoding (Cp1252 actually) to copy filtered resources, i.e. build is platform dependent!
2026-05-19 12:06:11,846 [Worker-48: Building] INFO  o.e.m.c.i.embedder.EclipseLogger - skip non existing resourceDirectory E:\mission-project-04\ORSProject-04\src\test\resources
2026-05-19 12:08:19,857 [Worker-46: Building] WARN  o.e.m.c.i.embedder.EclipseLogger - Using platform encoding (Cp1252 actually) to copy filtered resources, i.e. build is platform dependent!
2026-05-19 12:08:19,858 [Worker-46: Building] INFO  o.e.m.c.i.embedder.EclipseLogger - Copying 2 resources
2026-05-19 12:08:19,861 [Worker-46: Building] WARN  o.e.m.c.i.embedder.EclipseLogger - Using platform encoding (Cp1252 actually) to copy filtered resources, i.e. build is platform dependent!
2026-05-19 12:08:19,862 [Worker-46: Building] INFO  o.e.m.c.i.embedder.EclipseLogger - skip non existing resourceDirectory E:\mission-project-04\ORSProject-04\src\test\resources
2026-05-19 12:09:05,748 [Worker-48: Building] WARN  o.e.m.c.i.embedder.EclipseLogger - Using platform encoding (Cp1252 actually) to copy filtered resources, i.e. build is platform dependent!
2026-05-19 12:09:05,749 [Worker-48: Building] INFO  o.e.m.c.i.embedder.EclipseLogger - Copying 2 resources
2026-05-19 12:09:05,750 [Worker-48: Building] WARN  o.e.m.c.i.embedder.EclipseLogger - Using platform encoding (Cp1252 actually) to copy filtered resources, i.e. build is platform dependent!
2026-05-19 12:09:05,751 [Worker-48: Building] INFO  o.e.m.c.i.embedder.EclipseLogger - skip non existing resourceDirectory E:\mission-project-04\ORSProject-04\src\test\resources
2026-05-19 12:22:25,826 [Worker-47: Building] WARN  o.e.m.c.i.embedder.EclipseLogger - Using platform encoding (Cp1252 actually) to copy filtered resources, i.e. build is platform dependent!
2026-05-19 12:22:25,827 [Worker-47: Building] INFO  o.e.m.c.i.embedder.EclipseLogger - Copying 2 resources
2026-05-19 12:22:25,829 [Worker-47: Building] WARN  o.e.m.c.i.embedder.EclipseLogger - Using platform encoding (Cp1252 actually) to copy filtered resources, i.e. build is platform dependent!
2026-05-19 12:22:25,829 [Worker-47: Building] INFO  o.e.m.c.i.embedder.EclipseLogger - skip non existing resourceDirectory E:\mission-project-04\ORSProject-04\src\test\resources
2026-05-19 12:24:46,771 [Worker-53: Building] WARN  o.e.m.c.i.embedder.EclipseLogger - Using platform encoding (Cp1252 actually) to copy filtered resources, i.e. build is platform dependent!
2026-05-19 12:24:46,773 [Worker-53: Building] INFO  o.e.m.c.i.embedder.EclipseLogger - Copying 2 resources
2026-05-19 12:24:46,774 [Worker-53: Building] WARN  o.e.m.c.i.embedder.EclipseLogger - Using platform encoding (Cp1252 actually) to copy filtered resources, i.e. build is platform dependent!
2026-05-19 12:24:46,775 [Worker-53: Building] INFO  o.e.m.c.i.embedder.EclipseLogger - skip non existing resourceDirectory E:\mission-project-04\ORSProject-04\src\test\resources
2026-05-19 12:25:25,191 [Worker-56: Building] WARN  o.e.m.c.i.embedder.EclipseLogger - Using platform encoding (Cp1252 actually) to copy filtered resources, i.e. build is platform dependent!
2026-05-19 12:25:25,192 [Worker-56: Building] INFO  o.e.m.c.i.embedder.EclipseLogger - Copying 2 resources
2026-05-19 12:25:25,193 [Worker-56: Building] WARN  o.e.m.c.i.embedder.EclipseLogger - Using platform encoding (Cp1252 actually) to copy filtered resources, i.e. build is platform dependent!
2026-05-19 12:25:25,193 [Worker-56: Building] INFO  o.e.m.c.i.embedder.EclipseLogger - skip non existing resourceDirectory E:\mission-project-04\ORSProject-04\src\test\resources
2026-05-19 12:26:09,566 [Worker-57: Building] WARN  o.e.m.c.i.embedder.EclipseLogger - Using platform encoding (Cp1252 actually) to copy filtered resources, i.e. build is platform dependent!
2026-05-19 12:26:09,567 [Worker-57: Building] INFO  o.e.m.c.i.embedder.EclipseLogger - Copying 2 resources
2026-05-19 12:26:09,569 [Worker-57: Building] WARN  o.e.m.c.i.embedder.EclipseLogger - Using platform encoding (Cp1252 actually) to copy filtered resources, i.e. build is platform dependent!
2026-05-19 12:26:09,569 [Worker-57: Building] INFO  o.e.m.c.i.embedder.EclipseLogger - skip non existing resourceDirectory E:\mission-project-04\ORSProject-04\src\test\resources
2026-05-19 12:27:02,357 [Worker-55: Building] WARN  o.e.m.c.i.embedder.EclipseLogger - Using platform encoding (Cp1252 actually) to copy filtered resources, i.e. build is platform dependent!
2026-05-19 12:27:02,358 [Worker-55: Building] INFO  o.e.m.c.i.embedder.EclipseLogger - Copying 2 resources
2026-05-19 12:27:02,359 [Worker-55: Building] WARN  o.e.m.c.i.embedder.EclipseLogger - Using platform encoding (Cp1252 actually) to copy filtered resources, i.e. build is platform dependent!
2026-05-19 12:27:02,360 [Worker-55: Building] INFO  o.e.m.c.i.embedder.EclipseLogger - skip non existing resourceDirectory E:\mission-project-04\ORSProject-04\src\test\resources
2026-05-19 12:27:48,423 [Worker-53: Building] WARN  o.e.m.c.i.embedder.EclipseLogger - Using platform encoding (Cp1252 actually) to copy filtered resources, i.e. build is platform dependent!
2026-05-19 12:27:48,424 [Worker-53: Building] INFO  o.e.m.c.i.embedder.EclipseLogger - Copying 2 resources
2026-05-19 12:27:48,425 [Worker-53: Building] WARN  o.e.m.c.i.embedder.EclipseLogger - Using platform encoding (Cp1252 actually) to copy filtered resources, i.e. build is platform dependent!
2026-05-19 12:27:48,425 [Worker-53: Building] INFO  o.e.m.c.i.embedder.EclipseLogger - skip non existing resourceDirectory E:\mission-project-04\ORSProject-04\src\test\resources
2026-05-19 12:28:27,627 [Worker-55: Building] WARN  o.e.m.c.i.embedder.EclipseLogger - Using platform encoding (Cp1252 actually) to copy filtered resources, i.e. build is platform dependent!
2026-05-19 12:28:27,628 [Worker-55: Building] INFO  o.e.m.c.i.embedder.EclipseLogger - Copying 2 resources
2026-05-19 12:28:27,629 [Worker-55: Building] WARN  o.e.m.c.i.embedder.EclipseLogger - Using platform encoding (Cp1252 actually) to copy filtered resources, i.e. build is platform dependent!
2026-05-19 12:28:27,629 [Worker-55: Building] INFO  o.e.m.c.i.embedder.EclipseLogger - skip non existing resourceDirectory E:\mission-project-04\ORSProject-04\src\test\resources
2026-05-19 12:29:31,810 [Worker-53: Building] WARN  o.e.m.c.i.embedder.EclipseLogger - Using platform encoding (Cp1252 actually) to copy filtered resources, i.e. build is platform dependent!
2026-05-19 12:29:31,811 [Worker-53: Building] INFO  o.e.m.c.i.embedder.EclipseLogger - Copying 2 resources
2026-05-19 12:29:31,812 [Worker-53: Building] WARN  o.e.m.c.i.embedder.EclipseLogger - Using platform encoding (Cp1252 actually) to copy filtered resources, i.e. build is platform dependent!
2026-05-19 12:29:31,813 [Worker-53: Building] INFO  o.e.m.c.i.embedder.EclipseLogger - skip non existing resourceDirectory E:\mission-project-04\ORSProject-04\src\test\resources
2026-05-19 12:30:25,871 [Worker-56: Building] WARN  o.e.m.c.i.embedder.EclipseLogger - Using platform encoding (Cp1252 actually) to copy filtered resources, i.e. build is platform dependent!
2026-05-19 12:30:25,872 [Worker-56: Building] INFO  o.e.m.c.i.embedder.EclipseLogger - Copying 2 resources
2026-05-19 12:30:25,873 [Worker-56: Building] WARN  o.e.m.c.i.embedder.EclipseLogger - Using platform encoding (Cp1252 actually) to copy filtered resources, i.e. build is platform dependent!
2026-05-19 12:30:25,873 [Worker-56: Building] INFO  o.e.m.c.i.embedder.EclipseLogger - skip non existing resourceDirectory E:\mission-project-04\ORSProject-04\src\test\resources
2026-05-19 12:32:13,465 [Worker-53: Building] WARN  o.e.m.c.i.embedder.EclipseLogger - Using platform encoding (Cp1252 actually) to copy filtered resources, i.e. build is platform dependent!
2026-05-19 12:32:13,466 [Worker-53: Building] INFO  o.e.m.c.i.embedder.EclipseLogger - Copying 2 resources
2026-05-19 12:32:13,467 [Worker-53: Building] WARN  o.e.m.c.i.embedder.EclipseLogger - Using platform encoding (Cp1252 actually) to copy filtered resources, i.e. build is platform dependent!
2026-05-19 12:32:13,468 [Worker-53: Building] INFO  o.e.m.c.i.embedder.EclipseLogger - skip non existing resourceDirectory E:\mission-project-04\ORSProject-04\src\test\resources
2026-05-19 12:34:48,766 [Worker-57: Building] WARN  o.e.m.c.i.embedder.EclipseLogger - Using platform encoding (Cp1252 actually) to copy filtered resources, i.e. build is platform dependent!
2026-05-19 12:34:48,767 [Worker-57: Building] INFO  o.e.m.c.i.embedder.EclipseLogger - Copying 2 resources
2026-05-19 12:34:48,772 [Worker-57: Building] WARN  o.e.m.c.i.embedder.EclipseLogger - Using platform encoding (Cp1252 actually) to copy filtered resources, i.e. build is platform dependent!
2026-05-19 12:34:48,773 [Worker-57: Building] INFO  o.e.m.c.i.embedder.EclipseLogger - skip non existing resourceDirectory E:\mission-project-04\ORSProject-04\src\test\resources
2026-05-19 12:37:37,640 [Worker-57: Building] WARN  o.e.m.c.i.embedder.EclipseLogger - Using platform encoding (Cp1252 actually) to copy filtered resources, i.e. build is platform dependent!
2026-05-19 12:37:37,641 [Worker-57: Building] INFO  o.e.m.c.i.embedder.EclipseLogger - Copying 2 resources
2026-05-19 12:37:37,642 [Worker-57: Building] WARN  o.e.m.c.i.embedder.EclipseLogger - Using platform encoding (Cp1252 actually) to copy filtered resources, i.e. build is platform dependent!
2026-05-19 12:37:37,642 [Worker-57: Building] INFO  o.e.m.c.i.embedder.EclipseLogger - skip non existing resourceDirectory E:\mission-project-04\ORSProject-04\src\test\resources
2026-05-19 12:40:19,901 [Worker-59: Building] WARN  o.e.m.c.i.embedder.EclipseLogger - Using platform encoding (Cp1252 actually) to copy filtered resources, i.e. build is platform dependent!
2026-05-19 12:40:19,902 [Worker-59: Building] INFO  o.e.m.c.i.embedder.EclipseLogger - Copying 2 resources
2026-05-19 12:40:19,904 [Worker-59: Building] WARN  o.e.m.c.i.embedder.EclipseLogger - Using platform encoding (Cp1252 actually) to copy filtered resources, i.e. build is platform dependent!
2026-05-19 12:40:19,904 [Worker-59: Building] INFO  o.e.m.c.i.embedder.EclipseLogger - skip non existing resourceDirectory E:\mission-project-04\ORSProject-04\src\test\resources
2026-05-19 12:42:17,489 [Worker-62: Building] WARN  o.e.m.c.i.embedder.EclipseLogger - Using platform encoding (Cp1252 actually) to copy filtered resources, i.e. build is platform dependent!
2026-05-19 12:42:17,490 [Worker-62: Building] INFO  o.e.m.c.i.embedder.EclipseLogger - Copying 2 resources
2026-05-19 12:42:17,491 [Worker-62: Building] WARN  o.e.m.c.i.embedder.EclipseLogger - Using platform encoding (Cp1252 actually) to copy filtered resources, i.e. build is platform dependent!
2026-05-19 12:42:17,492 [Worker-62: Building] INFO  o.e.m.c.i.embedder.EclipseLogger - skip non existing resourceDirectory E:\mission-project-04\ORSProject-04\src\test\resources
2026-05-19 12:43:47,384 [Worker-56: Building] WARN  o.e.m.c.i.embedder.EclipseLogger - Using platform encoding (Cp1252 actually) to copy filtered resources, i.e. build is platform dependent!
2026-05-19 12:43:47,385 [Worker-56: Building] INFO  o.e.m.c.i.embedder.EclipseLogger - Copying 2 resources
2026-05-19 12:43:47,387 [Worker-56: Building] WARN  o.e.m.c.i.embedder.EclipseLogger - Using platform encoding (Cp1252 actually) to copy filtered resources, i.e. build is platform dependent!
2026-05-19 12:43:47,387 [Worker-56: Building] INFO  o.e.m.c.i.embedder.EclipseLogger - skip non existing resourceDirectory E:\mission-project-04\ORSProject-04\src\test\resources
2026-05-19 12:44:25,118 [Worker-56: Building] WARN  o.e.m.c.i.embedder.EclipseLogger - Using platform encoding (Cp1252 actually) to copy filtered resources, i.e. build is platform dependent!
2026-05-19 12:44:25,119 [Worker-56: Building] INFO  o.e.m.c.i.embedder.EclipseLogger - Copying 2 resources
2026-05-19 12:44:25,120 [Worker-56: Building] WARN  o.e.m.c.i.embedder.EclipseLogger - Using platform encoding (Cp1252 actually) to copy filtered resources, i.e. build is platform dependent!
2026-05-19 12:44:25,121 [Worker-56: Building] INFO  o.e.m.c.i.embedder.EclipseLogger - skip non existing resourceDirectory E:\mission-project-04\ORSProject-04\src\test\resources
2026-05-19 12:45:31,095 [Worker-65: Building] WARN  o.e.m.c.i.embedder.EclipseLogger - Using platform encoding (Cp1252 actually) to copy filtered resources, i.e. build is platform dependent!
2026-05-19 12:45:31,096 [Worker-65: Building] INFO  o.e.m.c.i.embedder.EclipseLogger - Copying 2 resources
2026-05-19 12:45:31,098 [Worker-65: Building] WARN  o.e.m.c.i.embedder.EclipseLogger - Using platform encoding (Cp1252 actually) to copy filtered resources, i.e. build is platform dependent!
2026-05-19 12:45:31,098 [Worker-65: Building] INFO  o.e.m.c.i.embedder.EclipseLogger - skip non existing resourceDirectory E:\mission-project-04\ORSProject-04\src\test\resources
2026-05-19 12:48:23,961 [Worker-67: Building] WARN  o.e.m.c.i.embedder.EclipseLogger - Using platform encoding (Cp1252 actually) to copy filtered resources, i.e. build is platform dependent!
2026-05-19 12:48:23,962 [Worker-67: Building] INFO  o.e.m.c.i.embedder.EclipseLogger - Copying 2 resources
2026-05-19 12:48:23,964 [Worker-67: Building] WARN  o.e.m.c.i.embedder.EclipseLogger - Using platform encoding (Cp1252 actually) to copy filtered resources, i.e. build is platform dependent!
2026-05-19 12:48:23,964 [Worker-67: Building] INFO  o.e.m.c.i.embedder.EclipseLogger - skip non existing resourceDirectory E:\mission-project-04\ORSProject-04\src\test\resources
2026-05-19 12:53:47,798 [Worker-73: Building] WARN  o.e.m.c.i.embedder.EclipseLogger - Using platform encoding (Cp1252 actually) to copy filtered resources, i.e. build is platform dependent!
2026-05-19 12:53:47,799 [Worker-73: Building] INFO  o.e.m.c.i.embedder.EclipseLogger - Copying 2 resources
2026-05-19 12:53:47,800 [Worker-73: Building] WARN  o.e.m.c.i.embedder.EclipseLogger - Using platform encoding (Cp1252 actually) to copy filtered resources, i.e. build is platform dependent!
2026-05-19 12:53:47,801 [Worker-73: Building] INFO  o.e.m.c.i.embedder.EclipseLogger - skip non existing resourceDirectory E:\mission-project-04\ORSProject-04\src\test\resources
2026-05-19 12:55:04,245 [Worker-68: Building] WARN  o.e.m.c.i.embedder.EclipseLogger - Using platform encoding (Cp1252 actually) to copy filtered resources, i.e. build is platform dependent!
2026-05-19 12:55:04,246 [Worker-68: Building] INFO  o.e.m.c.i.embedder.EclipseLogger - Copying 2 resources
2026-05-19 12:55:04,247 [Worker-68: Building] WARN  o.e.m.c.i.embedder.EclipseLogger - Using platform encoding (Cp1252 actually) to copy filtered resources, i.e. build is platform dependent!
2026-05-19 12:55:04,247 [Worker-68: Building] INFO  o.e.m.c.i.embedder.EclipseLogger - skip non existing resourceDirectory E:\mission-project-04\ORSProject-04\src\test\resources
2026-05-19 12:57:16,713 [Worker-72: Building] WARN  o.e.m.c.i.embedder.EclipseLogger - Using platform encoding (Cp1252 actually) to copy filtered resources, i.e. build is platform dependent!
2026-05-19 12:57:16,715 [Worker-72: Building] INFO  o.e.m.c.i.embedder.EclipseLogger - Copying 2 resources
2026-05-19 12:57:16,716 [Worker-72: Building] WARN  o.e.m.c.i.embedder.EclipseLogger - Using platform encoding (Cp1252 actually) to copy filtered resources, i.e. build is platform dependent!
2026-05-19 12:57:16,716 [Worker-72: Building] INFO  o.e.m.c.i.embedder.EclipseLogger - skip non existing resourceDirectory E:\mission-project-04\ORSProject-04\src\test\resources
2026-05-19 12:58:25,944 [Worker-76: Building] WARN  o.e.m.c.i.embedder.EclipseLogger - Using platform encoding (Cp1252 actually) to copy filtered resources, i.e. build is platform dependent!
2026-05-19 12:58:25,945 [Worker-76: Building] INFO  o.e.m.c.i.embedder.EclipseLogger - Copying 2 resources
2026-05-19 12:58:25,947 [Worker-76: Building] WARN  o.e.m.c.i.embedder.EclipseLogger - Using platform encoding (Cp1252 actually) to copy filtered resources, i.e. build is platform dependent!
2026-05-19 12:58:25,947 [Worker-76: Building] INFO  o.e.m.c.i.embedder.EclipseLogger - skip non existing resourceDirectory E:\mission-project-04\ORSProject-04\src\test\resources
2026-05-19 14:33:53,787 [Worker-79: Building] WARN  o.e.m.c.i.embedder.EclipseLogger - Using platform encoding (Cp1252 actually) to copy filtered resources, i.e. build is platform dependent!
2026-05-19 14:33:53,788 [Worker-79: Building] INFO  o.e.m.c.i.embedder.EclipseLogger - Copying 2 resources
2026-05-19 14:33:53,789 [Worker-79: Building] WARN  o.e.m.c.i.embedder.EclipseLogger - Using platform encoding (Cp1252 actually) to copy filtered resources, i.e. build is platform dependent!
2026-05-19 14:33:53,790 [Worker-79: Building] INFO  o.e.m.c.i.embedder.EclipseLogger - skip non existing resourceDirectory E:\mission-project-04\ORSProject-04\src\test\resources
2026-05-19 14:34:56,731 [Worker-82: Building] WARN  o.e.m.c.i.embedder.EclipseLogger - Using platform encoding (Cp1252 actually) to copy filtered resources, i.e. build is platform dependent!
2026-05-19 14:34:56,732 [Worker-82: Building] INFO  o.e.m.c.i.embedder.EclipseLogger - Copying 2 resources
2026-05-19 14:34:56,733 [Worker-82: Building] WARN  o.e.m.c.i.embedder.EclipseLogger - Using platform encoding (Cp1252 actually) to copy filtered resources, i.e. build is platform dependent!
2026-05-19 14:34:56,733 [Worker-82: Building] INFO  o.e.m.c.i.embedder.EclipseLogger - skip non existing resourceDirectory E:\mission-project-04\ORSProject-04\src\test\resources
2026-05-19 14:35:26,996 [Worker-76: Building] WARN  o.e.m.c.i.embedder.EclipseLogger - Using platform encoding (Cp1252 actually) to copy filtered resources, i.e. build is platform dependent!
2026-05-19 14:35:26,997 [Worker-76: Building] INFO  o.e.m.c.i.embedder.EclipseLogger - Copying 2 resources
2026-05-19 14:35:26,998 [Worker-76: Building] WARN  o.e.m.c.i.embedder.EclipseLogger - Using platform encoding (Cp1252 actually) to copy filtered resources, i.e. build is platform dependent!
2026-05-19 14:35:26,999 [Worker-76: Building] INFO  o.e.m.c.i.embedder.EclipseLogger - skip non existing resourceDirectory E:\mission-project-04\ORSProject-04\src\test\resources
2026-05-19 14:36:02,851 [Worker-82: Building] WARN  o.e.m.c.i.embedder.EclipseLogger - Using platform encoding (Cp1252 actually) to copy filtered resources, i.e. build is platform dependent!
2026-05-19 14:36:02,853 [Worker-82: Building] INFO  o.e.m.c.i.embedder.EclipseLogger - Copying 2 resources
2026-05-19 14:36:02,854 [Worker-82: Building] WARN  o.e.m.c.i.embedder.EclipseLogger - Using platform encoding (Cp1252 actually) to copy filtered resources, i.e. build is platform dependent!
2026-05-19 14:36:02,855 [Worker-82: Building] INFO  o.e.m.c.i.embedder.EclipseLogger - skip non existing resourceDirectory E:\mission-project-04\ORSProject-04\src\test\resources
2026-05-19 14:36:44,232 [Worker-83: Building] WARN  o.e.m.c.i.embedder.EclipseLogger - Using platform encoding (Cp1252 actually) to copy filtered resources, i.e. build is platform dependent!
2026-05-19 14:36:44,234 [Worker-83: Building] INFO  o.e.m.c.i.embedder.EclipseLogger - Copying 2 resources
2026-05-19 14:36:44,235 [Worker-83: Building] WARN  o.e.m.c.i.embedder.EclipseLogger - Using platform encoding (Cp1252 actually) to copy filtered resources, i.e. build is platform dependent!
2026-05-19 14:36:44,235 [Worker-83: Building] INFO  o.e.m.c.i.embedder.EclipseLogger - skip non existing resourceDirectory E:\mission-project-04\ORSProject-04\src\test\resources
2026-05-19 15:10:58,185 [Worker-89: Building] WARN  o.e.m.c.i.embedder.EclipseLogger - Using platform encoding (Cp1252 actually) to copy filtered resources, i.e. build is platform dependent!
2026-05-19 15:10:58,186 [Worker-89: Building] INFO  o.e.m.c.i.embedder.EclipseLogger - Copying 2 resources
2026-05-19 15:10:58,187 [Worker-89: Building] WARN  o.e.m.c.i.embedder.EclipseLogger - Using platform encoding (Cp1252 actually) to copy filtered resources, i.e. build is platform dependent!
2026-05-19 15:10:58,188 [Worker-89: Building] INFO  o.e.m.c.i.embedder.EclipseLogger - skip non existing resourceDirectory E:\mission-project-04\ORSProject-04\src\test\resources
2026-05-19 15:11:55,374 [Worker-89: Building] WARN  o.e.m.c.i.embedder.EclipseLogger - Using platform encoding (Cp1252 actually) to copy filtered resources, i.e. build is platform dependent!
2026-05-19 15:11:55,375 [Worker-89: Building] INFO  o.e.m.c.i.embedder.EclipseLogger - Copying 2 resources
2026-05-19 15:11:55,377 [Worker-89: Building] WARN  o.e.m.c.i.embedder.EclipseLogger - Using platform encoding (Cp1252 actually) to copy filtered resources, i.e. build is platform dependent!
2026-05-19 15:11:55,378 [Worker-89: Building] INFO  o.e.m.c.i.embedder.EclipseLogger - skip non existing resourceDirectory E:\mission-project-04\ORSProject-04\src\test\resources
2026-05-19 15:12:59,023 [Worker-88: Building] WARN  o.e.m.c.i.embedder.EclipseLogger - Using platform encoding (Cp1252 actually) to copy filtered resources, i.e. build is platform dependent!
2026-05-19 15:12:59,024 [Worker-88: Building] INFO  o.e.m.c.i.embedder.EclipseLogger - Copying 2 resources
2026-05-19 15:12:59,026 [Worker-88: Building] WARN  o.e.m.c.i.embedder.EclipseLogger - Using platform encoding (Cp1252 actually) to copy filtered resources, i.e. build is platform dependent!
2026-05-19 15:12:59,026 [Worker-88: Building] INFO  o.e.m.c.i.embedder.EclipseLogger - skip non existing resourceDirectory E:\mission-project-04\ORSProject-04\src\test\resources
2026-05-19 15:16:27,775 [Worker-91: Building] WARN  o.e.m.c.i.embedder.EclipseLogger - Using platform encoding (Cp1252 actually) to copy filtered resources, i.e. build is platform dependent!
2026-05-19 15:16:27,777 [Worker-91: Building] INFO  o.e.m.c.i.embedder.EclipseLogger - Copying 2 resources
2026-05-19 15:16:27,779 [Worker-91: Building] WARN  o.e.m.c.i.embedder.EclipseLogger - Using platform encoding (Cp1252 actually) to copy filtered resources, i.e. build is platform dependent!
2026-05-19 15:16:27,780 [Worker-91: Building] INFO  o.e.m.c.i.embedder.EclipseLogger - skip non existing resourceDirectory E:\mission-project-04\ORSProject-04\src\test\resources
2026-05-19 15:17:08,715 [Worker-93: Building] WARN  o.e.m.c.i.embedder.EclipseLogger - Using platform encoding (Cp1252 actually) to copy filtered resources, i.e. build is platform dependent!
2026-05-19 15:17:08,717 [Worker-93: Building] INFO  o.e.m.c.i.embedder.EclipseLogger - Copying 2 resources
2026-05-19 15:17:08,727 [Worker-93: Building] WARN  o.e.m.c.i.embedder.EclipseLogger - Using platform encoding (Cp1252 actually) to copy filtered resources, i.e. build is platform dependent!
2026-05-19 15:17:08,728 [Worker-93: Building] INFO  o.e.m.c.i.embedder.EclipseLogger - skip non existing resourceDirectory E:\mission-project-04\ORSProject-04\src\test\resources
2026-05-19 17:51:06,739 [Worker-100: Building] WARN  o.e.m.c.i.embedder.EclipseLogger - Using platform encoding (Cp1252 actually) to copy filtered resources, i.e. build is platform dependent!
2026-05-19 17:51:06,740 [Worker-100: Building] INFO  o.e.m.c.i.embedder.EclipseLogger - Copying 2 resources
2026-05-19 17:51:06,741 [Worker-100: Building] WARN  o.e.m.c.i.embedder.EclipseLogger - Using platform encoding (Cp1252 actually) to copy filtered resources, i.e. build is platform dependent!
2026-05-19 17:51:06,742 [Worker-100: Building] INFO  o.e.m.c.i.embedder.EclipseLogger - skip non existing resourceDirectory E:\mission-project-04\ORSProject-04\src\test\resources
2026-05-19 18:53:24,317 [Worker-111: Building] WARN  o.e.m.c.i.embedder.EclipseLogger - Using platform encoding (Cp1252 actually) to copy filtered resources, i.e. build is platform dependent!
2026-05-19 18:53:24,319 [Worker-111: Building] INFO  o.e.m.c.i.embedder.EclipseLogger - Copying 0 resource
2026-05-19 18:53:24,322 [Worker-111: Building] WARN  o.e.m.c.i.embedder.EclipseLogger - Using platform encoding (Cp1252 actually) to copy filtered resources, i.e. build is platform dependent!
2026-05-19 18:53:24,323 [Worker-111: Building] INFO  o.e.m.c.i.embedder.EclipseLogger - skip non existing resourceDirectory E:\mission-project-04\ORSProject-04\src\test\resources
2026-05-19 18:53:35,011 [Worker-105: Building] WARN  o.e.m.c.i.embedder.EclipseLogger - Using platform encoding (Cp1252 actually) to copy filtered resources, i.e. build is platform dependent!
2026-05-19 18:53:35,012 [Worker-105: Building] INFO  o.e.m.c.i.embedder.EclipseLogger - Copying 0 resource
2026-05-19 18:53:35,014 [Worker-105: Building] WARN  o.e.m.c.i.embedder.EclipseLogger - Using platform encoding (Cp1252 actually) to copy filtered resources, i.e. build is platform dependent!
2026-05-19 18:53:35,015 [Worker-105: Building] INFO  o.e.m.c.i.embedder.EclipseLogger - skip non existing resourceDirectory E:\mission-project-04\ORSProject-04\src\test\resources
2026-05-20 11:46:26,146 [Worker-38: Loading available Gradle versions] INFO  o.e.b.c.i.u.g.PublishedGradleVersions - Gradle version information cache is out-of-date. Trying to update.
2026-05-20 11:53:38,471 [Worker-45: Building] WARN  o.e.m.c.i.embedder.EclipseLogger - Using platform encoding (Cp1252 actually) to copy filtered resources, i.e. build is platform dependent!
2026-05-20 11:53:38,474 [Worker-45: Building] INFO  o.e.m.c.i.embedder.EclipseLogger - Copying 2 resources
2026-05-20 11:53:38,480 [Worker-45: Building] WARN  o.e.m.c.i.embedder.EclipseLogger - Using platform encoding (Cp1252 actually) to copy filtered resources, i.e. build is platform dependent!
2026-05-20 11:53:38,481 [Worker-45: Building] INFO  o.e.m.c.i.embedder.EclipseLogger - skip non existing resourceDirectory E:\mission-project-04\ORSProject-04\src\test\resources
2026-05-20 11:54:14,482 [Worker-45: Building] WARN  o.e.m.c.i.embedder.EclipseLogger - Using platform encoding (Cp1252 actually) to copy filtered resources, i.e. build is platform dependent!
2026-05-20 11:54:14,487 [Worker-45: Building] INFO  o.e.m.c.i.embedder.EclipseLogger - Copying 2 resources
2026-05-20 11:54:14,489 [Worker-45: Building] WARN  o.e.m.c.i.embedder.EclipseLogger - Using platform encoding (Cp1252 actually) to copy filtered resources, i.e. build is platform dependent!
2026-05-20 11:54:14,490 [Worker-45: Building] INFO  o.e.m.c.i.embedder.EclipseLogger - skip non existing resourceDirectory E:\mission-project-04\ORSProject-04\src\test\resources
2026-05-20 11:55:56,491 [Worker-47: Building] WARN  o.e.m.c.i.embedder.EclipseLogger - Using platform encoding (Cp1252 actually) to copy filtered resources, i.e. build is platform dependent!
2026-05-20 11:55:56,493 [Worker-47: Building] INFO  o.e.m.c.i.embedder.EclipseLogger - Copying 2 resources
2026-05-20 11:55:56,495 [Worker-47: Building] WARN  o.e.m.c.i.embedder.EclipseLogger - Using platform encoding (Cp1252 actually) to copy filtered resources, i.e. build is platform dependent!
2026-05-20 11:55:56,495 [Worker-47: Building] INFO  o.e.m.c.i.embedder.EclipseLogger - skip non existing resourceDirectory E:\mission-project-04\ORSProject-04\src\test\resources
2026-05-20 11:56:17,312 [Worker-44: Building] WARN  o.e.m.c.i.embedder.EclipseLogger - Using platform encoding (Cp1252 actually) to copy filtered resources, i.e. build is platform dependent!
2026-05-20 11:56:17,314 [Worker-44: Building] INFO  o.e.m.c.i.embedder.EclipseLogger - Copying 2 resources
2026-05-20 11:56:17,316 [Worker-44: Building] WARN  o.e.m.c.i.embedder.EclipseLogger - Using platform encoding (Cp1252 actually) to copy filtered resources, i.e. build is platform dependent!
2026-05-20 11:56:17,316 [Worker-44: Building] INFO  o.e.m.c.i.embedder.EclipseLogger - skip non existing resourceDirectory E:\mission-project-04\ORSProject-04\src\test\resources
2026-05-20 11:57:45,133 [Worker-40: Building] WARN  o.e.m.c.i.embedder.EclipseLogger - Using platform encoding (Cp1252 actually) to copy filtered resources, i.e. build is platform dependent!
2026-05-20 11:57:45,135 [Worker-40: Building] INFO  o.e.m.c.i.embedder.EclipseLogger - Copying 2 resources
2026-05-20 11:57:45,136 [Worker-40: Building] WARN  o.e.m.c.i.embedder.EclipseLogger - Using platform encoding (Cp1252 actually) to copy filtered resources, i.e. build is platform dependent!
2026-05-20 11:57:45,137 [Worker-40: Building] INFO  o.e.m.c.i.embedder.EclipseLogger - skip non existing resourceDirectory E:\mission-project-04\ORSProject-04\src\test\resources
2026-05-20 12:00:27,896 [Worker-50: Building] WARN  o.e.m.c.i.embedder.EclipseLogger - Using platform encoding (Cp1252 actually) to copy filtered resources, i.e. build is platform dependent!
2026-05-20 12:00:27,897 [Worker-50: Building] INFO  o.e.m.c.i.embedder.EclipseLogger - Copying 2 resources
2026-05-20 12:00:27,899 [Worker-50: Building] WARN  o.e.m.c.i.embedder.EclipseLogger - Using platform encoding (Cp1252 actually) to copy filtered resources, i.e. build is platform dependent!
2026-05-20 12:00:27,900 [Worker-50: Building] INFO  o.e.m.c.i.embedder.EclipseLogger - skip non existing resourceDirectory E:\mission-project-04\ORSProject-04\src\test\resources
2026-05-20 12:02:58,385 [Worker-52: Building] WARN  o.e.m.c.i.embedder.EclipseLogger - Using platform encoding (Cp1252 actually) to copy filtered resources, i.e. build is platform dependent!
2026-05-20 12:02:58,387 [Worker-52: Building] INFO  o.e.m.c.i.embedder.EclipseLogger - Copying 2 resources
2026-05-20 12:02:58,389 [Worker-52: Building] WARN  o.e.m.c.i.embedder.EclipseLogger - Using platform encoding (Cp1252 actually) to copy filtered resources, i.e. build is platform dependent!
2026-05-20 12:02:58,390 [Worker-52: Building] INFO  o.e.m.c.i.embedder.EclipseLogger - skip non existing resourceDirectory E:\mission-project-04\ORSProject-04\src\test\resources
2026-05-20 12:03:26,632 [Worker-49: Building] WARN  o.e.m.c.i.embedder.EclipseLogger - Using platform encoding (Cp1252 actually) to copy filtered resources, i.e. build is platform dependent!
2026-05-20 12:03:26,633 [Worker-49: Building] INFO  o.e.m.c.i.embedder.EclipseLogger - Copying 2 resources
2026-05-20 12:03:26,635 [Worker-49: Building] WARN  o.e.m.c.i.embedder.EclipseLogger - Using platform encoding (Cp1252 actually) to copy filtered resources, i.e. build is platform dependent!
2026-05-20 12:03:26,636 [Worker-49: Building] INFO  o.e.m.c.i.embedder.EclipseLogger - skip non existing resourceDirectory E:\mission-project-04\ORSProject-04\src\test\resources
2026-05-20 12:04:04,916 [Worker-49: Building] WARN  o.e.m.c.i.embedder.EclipseLogger - Using platform encoding (Cp1252 actually) to copy filtered resources, i.e. build is platform dependent!
2026-05-20 12:04:04,917 [Worker-49: Building] INFO  o.e.m.c.i.embedder.EclipseLogger - Copying 2 resources
2026-05-20 12:04:04,919 [Worker-49: Building] WARN  o.e.m.c.i.embedder.EclipseLogger - Using platform encoding (Cp1252 actually) to copy filtered resources, i.e. build is platform dependent!
2026-05-20 12:04:04,919 [Worker-49: Building] INFO  o.e.m.c.i.embedder.EclipseLogger - skip non existing resourceDirectory E:\mission-project-04\ORSProject-04\src\test\resources
2026-05-20 12:05:19,826 [Worker-50: Building] WARN  o.e.m.c.i.embedder.EclipseLogger - Using platform encoding (Cp1252 actually) to copy filtered resources, i.e. build is platform dependent!
2026-05-20 12:05:19,827 [Worker-50: Building] INFO  o.e.m.c.i.embedder.EclipseLogger - Copying 2 resources
2026-05-20 12:05:19,828 [Worker-50: Building] WARN  o.e.m.c.i.embedder.EclipseLogger - Using platform encoding (Cp1252 actually) to copy filtered resources, i.e. build is platform dependent!
2026-05-20 12:05:19,828 [Worker-50: Building] INFO  o.e.m.c.i.embedder.EclipseLogger - skip non existing resourceDirectory E:\mission-project-04\ORSProject-04\src\test\resources
2026-05-20 12:05:55,569 [Worker-44: Building] WARN  o.e.m.c.i.embedder.EclipseLogger - Using platform encoding (Cp1252 actually) to copy filtered resources, i.e. build is platform dependent!
2026-05-20 12:05:55,570 [Worker-44: Building] INFO  o.e.m.c.i.embedder.EclipseLogger - Copying 2 resources
2026-05-20 12:05:55,572 [Worker-44: Building] WARN  o.e.m.c.i.embedder.EclipseLogger - Using platform encoding (Cp1252 actually) to copy filtered resources, i.e. build is platform dependent!
2026-05-20 12:05:55,572 [Worker-44: Building] INFO  o.e.m.c.i.embedder.EclipseLogger - skip non existing resourceDirectory E:\mission-project-04\ORSProject-04\src\test\resources
2026-05-20 12:06:45,320 [Worker-51: Building] WARN  o.e.m.c.i.embedder.EclipseLogger - Using platform encoding (Cp1252 actually) to copy filtered resources, i.e. build is platform dependent!
2026-05-20 12:06:45,321 [Worker-51: Building] INFO  o.e.m.c.i.embedder.EclipseLogger - Copying 2 resources
2026-05-20 12:06:45,323 [Worker-51: Building] WARN  o.e.m.c.i.embedder.EclipseLogger - Using platform encoding (Cp1252 actually) to copy filtered resources, i.e. build is platform dependent!
2026-05-20 12:06:45,324 [Worker-51: Building] INFO  o.e.m.c.i.embedder.EclipseLogger - skip non existing resourceDirectory E:\mission-project-04\ORSProject-04\src\test\resources
2026-05-20 12:07:14,441 [Worker-53: Building] WARN  o.e.m.c.i.embedder.EclipseLogger - Using platform encoding (Cp1252 actually) to copy filtered resources, i.e. build is platform dependent!
2026-05-20 12:07:14,442 [Worker-53: Building] INFO  o.e.m.c.i.embedder.EclipseLogger - Copying 2 resources
2026-05-20 12:07:14,444 [Worker-53: Building] WARN  o.e.m.c.i.embedder.EclipseLogger - Using platform encoding (Cp1252 actually) to copy filtered resources, i.e. build is platform dependent!
2026-05-20 12:07:14,444 [Worker-53: Building] INFO  o.e.m.c.i.embedder.EclipseLogger - skip non existing resourceDirectory E:\mission-project-04\ORSProject-04\src\test\resources
2026-05-20 12:07:56,993 [Worker-52: Building] WARN  o.e.m.c.i.embedder.EclipseLogger - Using platform encoding (Cp1252 actually) to copy filtered resources, i.e. build is platform dependent!
2026-05-20 12:07:56,993 [Worker-52: Building] INFO  o.e.m.c.i.embedder.EclipseLogger - Copying 2 resources
2026-05-20 12:07:56,995 [Worker-52: Building] WARN  o.e.m.c.i.embedder.EclipseLogger - Using platform encoding (Cp1252 actually) to copy filtered resources, i.e. build is platform dependent!
2026-05-20 12:07:56,995 [Worker-52: Building] INFO  o.e.m.c.i.embedder.EclipseLogger - skip non existing resourceDirectory E:\mission-project-04\ORSProject-04\src\test\resources
2026-05-20 12:08:34,766 [Worker-44: Building] WARN  o.e.m.c.i.embedder.EclipseLogger - Using platform encoding (Cp1252 actually) to copy filtered resources, i.e. build is platform dependent!
2026-05-20 12:08:34,767 [Worker-44: Building] INFO  o.e.m.c.i.embedder.EclipseLogger - Copying 2 resources
2026-05-20 12:08:34,769 [Worker-44: Building] WARN  o.e.m.c.i.embedder.EclipseLogger - Using platform encoding (Cp1252 actually) to copy filtered resources, i.e. build is platform dependent!
2026-05-20 12:08:34,769 [Worker-44: Building] INFO  o.e.m.c.i.embedder.EclipseLogger - skip non existing resourceDirectory E:\mission-project-04\ORSProject-04\src\test\resources
2026-05-20 12:09:42,696 [Worker-52: Building] WARN  o.e.m.c.i.embedder.EclipseLogger - Using platform encoding (Cp1252 actually) to copy filtered resources, i.e. build is platform dependent!
2026-05-20 12:09:42,697 [Worker-52: Building] INFO  o.e.m.c.i.embedder.EclipseLogger - Copying 2 resources
2026-05-20 12:09:42,699 [Worker-52: Building] WARN  o.e.m.c.i.embedder.EclipseLogger - Using platform encoding (Cp1252 actually) to copy filtered resources, i.e. build is platform dependent!
2026-05-20 12:09:42,699 [Worker-52: Building] INFO  o.e.m.c.i.embedder.EclipseLogger - skip non existing resourceDirectory E:\mission-project-04\ORSProject-04\src\test\resources
2026-05-20 12:11:08,664 [Worker-47: Building] WARN  o.e.m.c.i.embedder.EclipseLogger - Using platform encoding (Cp1252 actually) to copy filtered resources, i.e. build is platform dependent!
2026-05-20 12:11:08,666 [Worker-47: Building] INFO  o.e.m.c.i.embedder.EclipseLogger - Copying 1 resource
2026-05-20 12:11:08,670 [Worker-47: Building] WARN  o.e.m.c.i.embedder.EclipseLogger - Using platform encoding (Cp1252 actually) to copy filtered resources, i.e. build is platform dependent!
2026-05-20 12:11:08,671 [Worker-47: Building] INFO  o.e.m.c.i.embedder.EclipseLogger - skip non existing resourceDirectory E:\mission-project-04\ORSProject-04\src\test\resources
2026-05-20 12:11:18,477 [Worker-51: Building] WARN  o.e.m.c.i.embedder.EclipseLogger - Using platform encoding (Cp1252 actually) to copy filtered resources, i.e. build is platform dependent!
2026-05-20 12:11:18,477 [Worker-51: Building] INFO  o.e.m.c.i.embedder.EclipseLogger - Copying 1 resource
2026-05-20 12:11:18,479 [Worker-51: Building] WARN  o.e.m.c.i.embedder.EclipseLogger - Using platform encoding (Cp1252 actually) to copy filtered resources, i.e. build is platform dependent!
2026-05-20 12:11:18,480 [Worker-51: Building] INFO  o.e.m.c.i.embedder.EclipseLogger - skip non existing resourceDirectory E:\mission-project-04\ORSProject-04\src\test\resources
2026-05-20 12:18:42,945 [Worker-55: Building] WARN  o.e.m.c.i.embedder.EclipseLogger - Using platform encoding (Cp1252 actually) to copy filtered resources, i.e. build is platform dependent!
2026-05-20 12:18:42,946 [Worker-55: Building] INFO  o.e.m.c.i.embedder.EclipseLogger - Copying 3 resources
2026-05-20 12:18:42,948 [Worker-55: Building] WARN  o.e.m.c.i.embedder.EclipseLogger - Using platform encoding (Cp1252 actually) to copy filtered resources, i.e. build is platform dependent!
2026-05-20 12:18:42,948 [Worker-55: Building] INFO  o.e.m.c.i.embedder.EclipseLogger - skip non existing resourceDirectory E:\mission-project-04\ORSProject-04\src\test\resources
2026-05-20 12:22:51,771 [Worker-58: Building] WARN  o.e.m.c.i.embedder.EclipseLogger - Using platform encoding (Cp1252 actually) to copy filtered resources, i.e. build is platform dependent!
2026-05-20 12:22:51,772 [Worker-58: Building] INFO  o.e.m.c.i.embedder.EclipseLogger - Copying 3 resources
2026-05-20 12:22:51,773 [Worker-58: Building] WARN  o.e.m.c.i.embedder.EclipseLogger - Using platform encoding (Cp1252 actually) to copy filtered resources, i.e. build is platform dependent!
2026-05-20 12:22:51,773 [Worker-58: Building] INFO  o.e.m.c.i.embedder.EclipseLogger - skip non existing resourceDirectory E:\mission-project-04\ORSProject-04\src\test\resources
2026-05-20 12:28:52,357 [Worker-61: Building] WARN  o.e.m.c.i.embedder.EclipseLogger - Using platform encoding (Cp1252 actually) to copy filtered resources, i.e. build is platform dependent!
2026-05-20 12:28:52,358 [Worker-61: Building] INFO  o.e.m.c.i.embedder.EclipseLogger - Copying 0 resource
2026-05-20 12:28:52,360 [Worker-61: Building] WARN  o.e.m.c.i.embedder.EclipseLogger - Using platform encoding (Cp1252 actually) to copy filtered resources, i.e. build is platform dependent!
2026-05-20 12:28:52,360 [Worker-61: Building] INFO  o.e.m.c.i.embedder.EclipseLogger - skip non existing resourceDirectory E:\mission-project-04\ORSProject-04\src\test\resources
2026-05-20 12:30:25,607 [Worker-62: Cleaning all projects] INFO  o.e.m.w.i.f.ResourceFilteringBuildParticipant - Cleaning filtered folder for ORSProject-04
2026-05-20 12:30:28,448 [Worker-60: Building] WARN  o.e.m.c.i.embedder.EclipseLogger - Using platform encoding (Cp1252 actually) to copy filtered resources, i.e. build is platform dependent!
2026-05-20 12:30:28,449 [Worker-60: Building] INFO  o.e.m.c.i.embedder.EclipseLogger - Copying 3 resources
2026-05-20 12:30:28,455 [Worker-60: Building] WARN  o.e.m.c.i.embedder.EclipseLogger - Using platform encoding (Cp1252 actually) to copy filtered resources, i.e. build is platform dependent!
2026-05-20 12:30:28,456 [Worker-60: Building] INFO  o.e.m.c.i.embedder.EclipseLogger - skip non existing resourceDirectory E:\mission-project-04\ORSProject-04\src\test\resources
2026-05-20 12:30:28,456 [Worker-60: Building] INFO  o.e.m.w.i.f.ResourceFilteringBuildParticipant - Changed resources require a complete clean of filtered resources of ORSProject-04
2026-05-20 12:30:28,457 [Worker-60: Building] INFO  o.e.m.w.i.f.ResourceFilteringBuildParticipant - Executing resource filtering for ORSProject-04
2026-05-20 12:30:33,157 [Worker-65: Updating Maven Project] INFO  o.e.m.c.i.p.ProjectConfigurationManager - Update started
2026-05-20 12:30:35,340 [Worker-65: Updating Maven Project] INFO  o.e.m.c.i.l.LifecycleMappingFactory - Using org.maven.ide.eclipse.wtp.WarLifecycleMapping lifecycle mapping for MavenProject: in.co.rays:ORSProject-04:0.0.1-SNAPSHOT @ E:\mission-project-04\ORSProject-04\pom.xml.
2026-05-20 12:30:35,899 [Worker-65: Updating Maven Project] INFO  o.e.m.j.i.AbstractJavaProjectConfigurator - Adding source folder /ORSProject-04/src/main/java
2026-05-20 12:30:35,899 [Worker-65: Updating Maven Project] INFO  o.e.m.j.i.AbstractJavaProjectConfigurator - Adding resource folder /ORSProject-04/src/main/resources
2026-05-20 12:30:35,900 [Worker-65: Updating Maven Project] INFO  o.e.m.j.i.AbstractJavaProjectConfigurator - Adding source folder /ORSProject-04/src/test/java
2026-05-20 12:30:36,588 [Worker-65: Updating Maven Project] INFO  o.e.m.w.i.f.ResourceFilteringBuildParticipant - Cleaning filtered folder for ORSProject-04
2026-05-20 12:30:36,620 [Worker-65: Updating Maven Project] INFO  o.e.m.c.i.p.ProjectConfigurationManager - Update completed for 1 poms: local refresh takes 0.00 sec, refresh facades takes 2.00 sec, update config takes 0.00 sec 
2026-05-20 12:30:37,143 [Worker-65: Building] WARN  o.e.m.c.i.embedder.EclipseLogger - Using platform encoding (Cp1252 actually) to copy filtered resources, i.e. build is platform dependent!
2026-05-20 12:30:37,144 [Worker-65: Building] INFO  o.e.m.c.i.embedder.EclipseLogger - Copying 3 resources
2026-05-20 12:30:37,166 [Worker-65: Building] WARN  o.e.m.c.i.embedder.EclipseLogger - Using platform encoding (Cp1252 actually) to copy filtered resources, i.e. build is platform dependent!
2026-05-20 12:30:37,167 [Worker-65: Building] INFO  o.e.m.c.i.embedder.EclipseLogger - skip non existing resourceDirectory E:\mission-project-04\ORSProject-04\src\test\resources
2026-05-20 12:30:37,167 [Worker-65: Building] INFO  o.e.m.w.i.f.ResourceFilteringBuildParticipant - Changed resources require a complete clean of filtered resources of ORSProject-04
2026-05-20 12:30:37,168 [Worker-65: Building] INFO  o.e.m.w.i.f.ResourceFilteringBuildParticipant - Executing resource filtering for ORSProject-04
2026-05-20 12:30:48,439 [Worker-61: Building] WARN  o.e.m.c.i.embedder.EclipseLogger - Using platform encoding (Cp1252 actually) to copy filtered resources, i.e. build is platform dependent!
2026-05-20 12:30:48,442 [Worker-61: Building] INFO  o.e.m.c.i.embedder.EclipseLogger - Copying 0 resource
2026-05-20 12:30:48,444 [Worker-61: Building] WARN  o.e.m.c.i.embedder.EclipseLogger - Using platform encoding (Cp1252 actually) to copy filtered resources, i.e. build is platform dependent!
2026-05-20 12:30:48,444 [Worker-61: Building] INFO  o.e.m.c.i.embedder.EclipseLogger - skip non existing resourceDirectory E:\mission-project-04\ORSProject-04\src\test\resources
2026-05-20 12:35:26,395 [Worker-68: Building] WARN  o.e.m.c.i.embedder.EclipseLogger - Using platform encoding (Cp1252 actually) to copy filtered resources, i.e. build is platform dependent!
2026-05-20 12:35:26,396 [Worker-68: Building] INFO  o.e.m.c.i.embedder.EclipseLogger - Copying 0 resource
2026-05-20 12:35:26,397 [Worker-68: Building] WARN  o.e.m.c.i.embedder.EclipseLogger - Using platform encoding (Cp1252 actually) to copy filtered resources, i.e. build is platform dependent!
2026-05-20 12:35:26,398 [Worker-68: Building] INFO  o.e.m.c.i.embedder.EclipseLogger - skip non existing resourceDirectory E:\mission-project-04\ORSProject-04\src\test\resources
2026-05-20 12:35:32,374 [Worker-69: Building] WARN  o.e.m.c.i.embedder.EclipseLogger - Using platform encoding (Cp1252 actually) to copy filtered resources, i.e. build is platform dependent!
2026-05-20 12:35:32,374 [Worker-69: Building] INFO  o.e.m.c.i.embedder.EclipseLogger - Copying 0 resource
2026-05-20 12:35:32,376 [Worker-69: Building] WARN  o.e.m.c.i.embedder.EclipseLogger - Using platform encoding (Cp1252 actually) to copy filtered resources, i.e. build is platform dependent!
2026-05-20 12:35:32,376 [Worker-69: Building] INFO  o.e.m.c.i.embedder.EclipseLogger - skip non existing resourceDirectory E:\mission-project-04\ORSProject-04\src\test\resources
2026-05-20 12:39:53,444 [Worker-69: Building] WARN  o.e.m.c.i.embedder.EclipseLogger - Using platform encoding (Cp1252 actually) to copy filtered resources, i.e. build is platform dependent!
2026-05-20 12:39:53,445 [Worker-69: Building] INFO  o.e.m.c.i.embedder.EclipseLogger - Copying 3 resources
2026-05-20 12:39:53,447 [Worker-69: Building] WARN  o.e.m.c.i.embedder.EclipseLogger - Using platform encoding (Cp1252 actually) to copy filtered resources, i.e. build is platform dependent!
2026-05-20 12:39:53,448 [Worker-69: Building] INFO  o.e.m.c.i.embedder.EclipseLogger - skip non existing resourceDirectory E:\mission-project-04\ORSProject-04\src\test\resources
2026-05-20 12:40:18,324 [Worker-69: Building] WARN  o.e.m.c.i.embedder.EclipseLogger - Using platform encoding (Cp1252 actually) to copy filtered resources, i.e. build is platform dependent!
2026-05-20 12:40:18,325 [Worker-69: Building] INFO  o.e.m.c.i.embedder.EclipseLogger - Copying 3 resources
2026-05-20 12:40:18,326 [Worker-69: Building] WARN  o.e.m.c.i.embedder.EclipseLogger - Using platform encoding (Cp1252 actually) to copy filtered resources, i.e. build is platform dependent!
2026-05-20 12:40:18,327 [Worker-69: Building] INFO  o.e.m.c.i.embedder.EclipseLogger - skip non existing resourceDirectory E:\mission-project-04\ORSProject-04\src\test\resources
2026-05-20 12:40:24,166 [Worker-69: Building] WARN  o.e.m.c.i.embedder.EclipseLogger - Using platform encoding (Cp1252 actually) to copy filtered resources, i.e. build is platform dependent!
2026-05-20 12:40:24,167 [Worker-69: Building] INFO  o.e.m.c.i.embedder.EclipseLogger - Copying 0 resource
2026-05-20 12:40:24,169 [Worker-69: Building] WARN  o.e.m.c.i.embedder.EclipseLogger - Using platform encoding (Cp1252 actually) to copy filtered resources, i.e. build is platform dependent!
2026-05-20 12:40:24,169 [Worker-69: Building] INFO  o.e.m.c.i.embedder.EclipseLogger - skip non existing resourceDirectory E:\mission-project-04\ORSProject-04\src\test\resources
2026-05-20 13:26:39,943 [Worker-85: Building] WARN  o.e.m.c.i.embedder.EclipseLogger - Using platform encoding (Cp1252 actually) to copy filtered resources, i.e. build is platform dependent!
2026-05-20 13:26:39,944 [Worker-85: Building] INFO  o.e.m.c.i.embedder.EclipseLogger - Copying 0 resource
2026-05-20 13:26:39,945 [Worker-85: Building] WARN  o.e.m.c.i.embedder.EclipseLogger - Using platform encoding (Cp1252 actually) to copy filtered resources, i.e. build is platform dependent!
2026-05-20 13:26:39,946 [Worker-85: Building] INFO  o.e.m.c.i.embedder.EclipseLogger - skip non existing resourceDirectory E:\mission-project-04\ORSProject-04\src\test\resources
2026-05-20 14:05:43,142 [Worker-93: Building] WARN  o.e.m.c.i.embedder.EclipseLogger - Using platform encoding (Cp1252 actually) to copy filtered resources, i.e. build is platform dependent!
2026-05-20 14:05:43,142 [Worker-93: Building] INFO  o.e.m.c.i.embedder.EclipseLogger - Copying 0 resource
2026-05-20 14:05:43,143 [Worker-93: Building] WARN  o.e.m.c.i.embedder.EclipseLogger - Using platform encoding (Cp1252 actually) to copy filtered resources, i.e. build is platform dependent!
2026-05-20 14:05:43,144 [Worker-93: Building] INFO  o.e.m.c.i.embedder.EclipseLogger - skip non existing resourceDirectory E:\mission-project-04\ORSProject-04\src\test\resources
2026-05-20 16:40:59,679 [Worker-103: Building] WARN  o.e.m.c.i.embedder.EclipseLogger - Using platform encoding (Cp1252 actually) to copy filtered resources, i.e. build is platform dependent!
2026-05-20 16:40:59,682 [Worker-103: Building] INFO  o.e.m.c.i.embedder.EclipseLogger - Copying 0 resource
2026-05-20 16:40:59,687 [Worker-103: Building] WARN  o.e.m.c.i.embedder.EclipseLogger - Using platform encoding (Cp1252 actually) to copy filtered resources, i.e. build is platform dependent!
2026-05-20 16:40:59,689 [Worker-103: Building] INFO  o.e.m.c.i.embedder.EclipseLogger - skip non existing resourceDirectory E:\mission-project-04\ORSProject-04\src\test\resources
2026-05-20 18:33:57,557 [Worker-114: Building] WARN  o.e.m.c.i.embedder.EclipseLogger - Using platform encoding (Cp1252 actually) to copy filtered resources, i.e. build is platform dependent!
2026-05-20 18:33:57,559 [Worker-114: Building] INFO  o.e.m.c.i.embedder.EclipseLogger - Copying 3 resources
2026-05-20 18:33:57,563 [Worker-114: Building] WARN  o.e.m.c.i.embedder.EclipseLogger - Using platform encoding (Cp1252 actually) to copy filtered resources, i.e. build is platform dependent!
2026-05-20 18:33:57,564 [Worker-114: Building] INFO  o.e.m.c.i.embedder.EclipseLogger - skip non existing resourceDirectory E:\mission-project-04\ORSProject-04\src\test\resources
2026-05-21 11:45:36,793 [Worker-4: Loading available Gradle versions] INFO  o.e.b.c.i.u.g.PublishedGradleVersions - Gradle version information cache is up-to-date. Trying to read.
2026-05-21 11:49:17,056 [Worker-39: Building] WARN  o.e.m.c.i.embedder.EclipseLogger - Using platform encoding (Cp1252 actually) to copy filtered resources, i.e. build is platform dependent!
2026-05-21 11:49:17,062 [Worker-39: Building] INFO  o.e.m.c.i.embedder.EclipseLogger - Copying 3 resources
2026-05-21 11:49:17,068 [Worker-39: Building] WARN  o.e.m.c.i.embedder.EclipseLogger - Using platform encoding (Cp1252 actually) to copy filtered resources, i.e. build is platform dependent!
2026-05-21 11:49:17,069 [Worker-39: Building] INFO  o.e.m.c.i.embedder.EclipseLogger - skip non existing resourceDirectory E:\mission-project-04\ORSProject-04\src\test\resources
2026-05-21 11:49:29,517 [Worker-40: Building] WARN  o.e.m.c.i.embedder.EclipseLogger - Using platform encoding (Cp1252 actually) to copy filtered resources, i.e. build is platform dependent!
2026-05-21 11:49:29,529 [Worker-40: Building] INFO  o.e.m.c.i.embedder.EclipseLogger - Copying 3 resources
2026-05-21 11:49:29,531 [Worker-40: Building] WARN  o.e.m.c.i.embedder.EclipseLogger - Using platform encoding (Cp1252 actually) to copy filtered resources, i.e. build is platform dependent!
2026-05-21 11:49:29,532 [Worker-40: Building] INFO  o.e.m.c.i.embedder.EclipseLogger - skip non existing resourceDirectory E:\mission-project-04\ORSProject-04\src\test\resources
2026-05-21 11:55:28,355 [Worker-40: Building] WARN  o.e.m.c.i.embedder.EclipseLogger - Using platform encoding (Cp1252 actually) to copy filtered resources, i.e. build is platform dependent!
2026-05-21 11:55:28,356 [Worker-40: Building] INFO  o.e.m.c.i.embedder.EclipseLogger - Copying 3 resources
2026-05-21 11:55:28,358 [Worker-40: Building] WARN  o.e.m.c.i.embedder.EclipseLogger - Using platform encoding (Cp1252 actually) to copy filtered resources, i.e. build is platform dependent!
2026-05-21 11:55:28,358 [Worker-40: Building] INFO  o.e.m.c.i.embedder.EclipseLogger - skip non existing resourceDirectory E:\mission-project-04\ORSProject-04\src\test\resources
2026-05-21 11:56:01,317 [Worker-39: Building] WARN  o.e.m.c.i.embedder.EclipseLogger - Using platform encoding (Cp1252 actually) to copy filtered resources, i.e. build is platform dependent!
2026-05-21 11:56:01,318 [Worker-39: Building] INFO  o.e.m.c.i.embedder.EclipseLogger - Copying 3 resources
2026-05-21 11:56:01,321 [Worker-39: Building] WARN  o.e.m.c.i.embedder.EclipseLogger - Using platform encoding (Cp1252 actually) to copy filtered resources, i.e. build is platform dependent!
2026-05-21 11:56:01,321 [Worker-39: Building] INFO  o.e.m.c.i.embedder.EclipseLogger - skip non existing resourceDirectory E:\mission-project-04\ORSProject-04\src\test\resources
2026-05-21 12:22:29,151 [Worker-42: Building] WARN  o.e.m.c.i.embedder.EclipseLogger - Using platform encoding (Cp1252 actually) to copy filtered resources, i.e. build is platform dependent!
2026-05-21 12:22:29,152 [Worker-42: Building] INFO  o.e.m.c.i.embedder.EclipseLogger - Copying 3 resources
2026-05-21 12:22:29,154 [Worker-42: Building] WARN  o.e.m.c.i.embedder.EclipseLogger - Using platform encoding (Cp1252 actually) to copy filtered resources, i.e. build is platform dependent!
2026-05-21 12:22:29,154 [Worker-42: Building] INFO  o.e.m.c.i.embedder.EclipseLogger - skip non existing resourceDirectory E:\mission-project-04\ORSProject-04\src\test\resources
2026-05-21 12:22:31,231 [Worker-39: Building] WARN  o.e.m.c.i.embedder.EclipseLogger - Using platform encoding (Cp1252 actually) to copy filtered resources, i.e. build is platform dependent!
2026-05-21 12:22:31,233 [Worker-39: Building] INFO  o.e.m.c.i.embedder.EclipseLogger - Copying 3 resources
2026-05-21 12:22:31,234 [Worker-39: Building] WARN  o.e.m.c.i.embedder.EclipseLogger - Using platform encoding (Cp1252 actually) to copy filtered resources, i.e. build is platform dependent!
2026-05-21 12:22:31,235 [Worker-39: Building] INFO  o.e.m.c.i.embedder.EclipseLogger - skip non existing resourceDirectory E:\mission-project-04\ORSProject-04\src\test\resources
2026-05-21 12:23:33,896 [Worker-39: Building] WARN  o.e.m.c.i.embedder.EclipseLogger - Using platform encoding (Cp1252 actually) to copy filtered resources, i.e. build is platform dependent!
2026-05-21 12:23:33,898 [Worker-39: Building] INFO  o.e.m.c.i.embedder.EclipseLogger - Copying 3 resources
2026-05-21 12:23:33,899 [Worker-39: Building] WARN  o.e.m.c.i.embedder.EclipseLogger - Using platform encoding (Cp1252 actually) to copy filtered resources, i.e. build is platform dependent!
2026-05-21 12:23:33,900 [Worker-39: Building] INFO  o.e.m.c.i.embedder.EclipseLogger - skip non existing resourceDirectory E:\mission-project-04\ORSProject-04\src\test\resources
2026-05-21 12:49:03,328 [Worker-53: Building] WARN  o.e.m.c.i.embedder.EclipseLogger - Using platform encoding (Cp1252 actually) to copy filtered resources, i.e. build is platform dependent!
2026-05-21 12:49:03,329 [Worker-53: Building] INFO  o.e.m.c.i.embedder.EclipseLogger - Copying 3 resources
2026-05-21 12:49:03,332 [Worker-53: Building] WARN  o.e.m.c.i.embedder.EclipseLogger - Using platform encoding (Cp1252 actually) to copy filtered resources, i.e. build is platform dependent!
2026-05-21 12:49:03,332 [Worker-53: Building] INFO  o.e.m.c.i.embedder.EclipseLogger - skip non existing resourceDirectory E:\mission-project-04\ORSProject-04\src\test\resources
2026-05-21 13:00:47,629 [Worker-51: Building] WARN  o.e.m.c.i.embedder.EclipseLogger - Using platform encoding (Cp1252 actually) to copy filtered resources, i.e. build is platform dependent!
2026-05-21 13:00:47,630 [Worker-51: Building] INFO  o.e.m.c.i.embedder.EclipseLogger - Copying 0 resource
2026-05-21 13:00:47,632 [Worker-51: Building] WARN  o.e.m.c.i.embedder.EclipseLogger - Using platform encoding (Cp1252 actually) to copy filtered resources, i.e. build is platform dependent!
2026-05-21 13:00:47,632 [Worker-51: Building] INFO  o.e.m.c.i.embedder.EclipseLogger - skip non existing resourceDirectory E:\mission-project-04\ORSProject-04\src\test\resources
2026-05-21 13:57:01,107 [Worker-58: Building] WARN  o.e.m.c.i.embedder.EclipseLogger - Using platform encoding (Cp1252 actually) to copy filtered resources, i.e. build is platform dependent!
2026-05-21 13:57:01,109 [Worker-58: Building] INFO  o.e.m.c.i.embedder.EclipseLogger - Copying 3 resources
2026-05-21 13:57:01,110 [Worker-58: Building] WARN  o.e.m.c.i.embedder.EclipseLogger - Using platform encoding (Cp1252 actually) to copy filtered resources, i.e. build is platform dependent!
2026-05-21 13:57:01,111 [Worker-58: Building] INFO  o.e.m.c.i.embedder.EclipseLogger - skip non existing resourceDirectory E:\mission-project-04\ORSProject-04\src\test\resources
2026-05-21 13:57:49,276 [Worker-61: Building] WARN  o.e.m.c.i.embedder.EclipseLogger - Using platform encoding (Cp1252 actually) to copy filtered resources, i.e. build is platform dependent!
2026-05-21 13:57:49,277 [Worker-61: Building] INFO  o.e.m.c.i.embedder.EclipseLogger - Copying 3 resources
2026-05-21 13:57:49,279 [Worker-61: Building] WARN  o.e.m.c.i.embedder.EclipseLogger - Using platform encoding (Cp1252 actually) to copy filtered resources, i.e. build is platform dependent!
2026-05-21 13:57:49,280 [Worker-61: Building] INFO  o.e.m.c.i.embedder.EclipseLogger - skip non existing resourceDirectory E:\mission-project-04\ORSProject-04\src\test\resources
2026-05-21 14:10:16,341 [Worker-58: Building] WARN  o.e.m.c.i.embedder.EclipseLogger - Using platform encoding (Cp1252 actually) to copy filtered resources, i.e. build is platform dependent!
2026-05-21 14:10:16,342 [Worker-58: Building] INFO  o.e.m.c.i.embedder.EclipseLogger - Copying 0 resource
2026-05-21 14:10:16,344 [Worker-58: Building] WARN  o.e.m.c.i.embedder.EclipseLogger - Using platform encoding (Cp1252 actually) to copy filtered resources, i.e. build is platform dependent!
2026-05-21 14:10:16,345 [Worker-58: Building] INFO  o.e.m.c.i.embedder.EclipseLogger - skip non existing resourceDirectory E:\mission-project-04\ORSProject-04\src\test\resources
2026-05-21 14:10:50,042 [Worker-63: Building] WARN  o.e.m.c.i.embedder.EclipseLogger - Using platform encoding (Cp1252 actually) to copy filtered resources, i.e. build is platform dependent!
2026-05-21 14:10:50,043 [Worker-63: Building] INFO  o.e.m.c.i.embedder.EclipseLogger - Copying 3 resources
2026-05-21 14:10:50,045 [Worker-63: Building] WARN  o.e.m.c.i.embedder.EclipseLogger - Using platform encoding (Cp1252 actually) to copy filtered resources, i.e. build is platform dependent!
2026-05-21 14:10:50,045 [Worker-63: Building] INFO  o.e.m.c.i.embedder.EclipseLogger - skip non existing resourceDirectory E:\mission-project-04\ORSProject-04\src\test\resources
2026-05-21 14:13:28,968 [Worker-58: Building] WARN  o.e.m.c.i.embedder.EclipseLogger - Using platform encoding (Cp1252 actually) to copy filtered resources, i.e. build is platform dependent!
2026-05-21 14:13:28,969 [Worker-58: Building] INFO  o.e.m.c.i.embedder.EclipseLogger - Copying 3 resources
2026-05-21 14:13:28,971 [Worker-58: Building] WARN  o.e.m.c.i.embedder.EclipseLogger - Using platform encoding (Cp1252 actually) to copy filtered resources, i.e. build is platform dependent!
2026-05-21 14:13:28,971 [Worker-58: Building] INFO  o.e.m.c.i.embedder.EclipseLogger - skip non existing resourceDirectory E:\mission-project-04\ORSProject-04\src\test\resources
2026-05-21 14:23:12,305 [Worker-67: Building] WARN  o.e.m.c.i.embedder.EclipseLogger - Using platform encoding (Cp1252 actually) to copy filtered resources, i.e. build is platform dependent!
2026-05-21 14:23:12,305 [Worker-67: Building] INFO  o.e.m.c.i.embedder.EclipseLogger - Copying 0 resource
2026-05-21 14:23:12,306 [Worker-67: Building] WARN  o.e.m.c.i.embedder.EclipseLogger - Using platform encoding (Cp1252 actually) to copy filtered resources, i.e. build is platform dependent!
2026-05-21 14:23:12,307 [Worker-67: Building] INFO  o.e.m.c.i.embedder.EclipseLogger - skip non existing resourceDirectory E:\mission-project-04\ORSProject-04\src\test\resources
2026-05-21 14:23:32,588 [Worker-71: Building] WARN  o.e.m.c.i.embedder.EclipseLogger - Using platform encoding (Cp1252 actually) to copy filtered resources, i.e. build is platform dependent!
2026-05-21 14:23:32,589 [Worker-71: Building] INFO  o.e.m.c.i.embedder.EclipseLogger - Copying 3 resources
2026-05-21 14:23:32,591 [Worker-71: Building] WARN  o.e.m.c.i.embedder.EclipseLogger - Using platform encoding (Cp1252 actually) to copy filtered resources, i.e. build is platform dependent!
2026-05-21 14:23:32,591 [Worker-71: Building] INFO  o.e.m.c.i.embedder.EclipseLogger - skip non existing resourceDirectory E:\mission-project-04\ORSProject-04\src\test\resources
2026-05-21 14:23:42,477 [Worker-58: Building] WARN  o.e.m.c.i.embedder.EclipseLogger - Using platform encoding (Cp1252 actually) to copy filtered resources, i.e. build is platform dependent!
2026-05-21 14:23:42,478 [Worker-58: Building] INFO  o.e.m.c.i.embedder.EclipseLogger - Copying 3 resources
2026-05-21 14:23:42,481 [Worker-58: Building] WARN  o.e.m.c.i.embedder.EclipseLogger - Using platform encoding (Cp1252 actually) to copy filtered resources, i.e. build is platform dependent!
2026-05-21 14:23:42,481 [Worker-58: Building] INFO  o.e.m.c.i.embedder.EclipseLogger - skip non existing resourceDirectory E:\mission-project-04\ORSProject-04\src\test\resources
2026-05-21 14:23:58,857 [Worker-58: Building] WARN  o.e.m.c.i.embedder.EclipseLogger - Using platform encoding (Cp1252 actually) to copy filtered resources, i.e. build is platform dependent!
2026-05-21 14:23:58,859 [Worker-58: Building] INFO  o.e.m.c.i.embedder.EclipseLogger - Copying 3 resources
2026-05-21 14:23:58,861 [Worker-58: Building] WARN  o.e.m.c.i.embedder.EclipseLogger - Using platform encoding (Cp1252 actually) to copy filtered resources, i.e. build is platform dependent!
2026-05-21 14:23:58,861 [Worker-58: Building] INFO  o.e.m.c.i.embedder.EclipseLogger - skip non existing resourceDirectory E:\mission-project-04\ORSProject-04\src\test\resources
2026-05-21 14:24:07,032 [Worker-67: Building] WARN  o.e.m.c.i.embedder.EclipseLogger - Using platform encoding (Cp1252 actually) to copy filtered resources, i.e. build is platform dependent!
2026-05-21 14:24:07,034 [Worker-67: Building] INFO  o.e.m.c.i.embedder.EclipseLogger - Copying 3 resources
2026-05-21 14:24:07,035 [Worker-67: Building] WARN  o.e.m.c.i.embedder.EclipseLogger - Using platform encoding (Cp1252 actually) to copy filtered resources, i.e. build is platform dependent!
2026-05-21 14:24:07,036 [Worker-67: Building] INFO  o.e.m.c.i.embedder.EclipseLogger - skip non existing resourceDirectory E:\mission-project-04\ORSProject-04\src\test\resources
